priority_tier,gap_to_l1,kc_code,kc_name,chapter_info,have_total,have_anchor,have_easy,have_medium,have_hard,need_anchor,need_easy,need_medium,need_hard,need_total,prerequisites,successors,existing_questions
T1_QUICK_WIN,1,G6-MATH-BO-DAU-NGOAC,Bỏ dấu ngoặc có dấu + đằng trước ,B15K1,9,2,3,2,4,0,0,0,1,1,(none),G6-MATH-BO-NGOAC-LONG (Bỏ ngoặc lồng nhau ),"[medium] Cho biểu thức tổng quát: M = a + (b - c + d). Sau khi thực hiện quy tắc bỏ dấu ngoặc, biểu | [medium] Trong các biến đổi dưới đây, biến đổi nào thực hiện ĐÚNG quy tắc bỏ dấu ngoặc? | [easy] Khi bỏ dấu ngoặc trong biểu thức 15 + (−7), ta được kết quả là: | [easy] Phát biểu nào sau đây mô tả chính xác quy tắc bỏ dấu ngoặc có dấu ""+"" đằng trước? | [hard] Một học sinh thực hiện rút gọn biểu thức P = (m − n) + (p − q) như sau:
Bước 1: P = m − n  | [hard] Cho biểu thức S = a + (b + c − d). Nếu ta thay đổi dấu ""+"" đằng trước ngoặc thành dấu ""−"", | [easy] Phát biểu nào sau đây mô tả chính xác quy tắc bỏ dấu ngoặc có dấu ""+"" đằng trước? | [hard] Một học sinh thực hiện rút gọn biểu thức P = (m − n) + (p − q) như sau:
Bước 1: P = m − n  | [hard] Cho biểu thức S = a + (b + c − d). Nếu ta thay đổi dấu ""+"" đằng trước ngoặc thành dấu ""−"","
T1_QUICK_WIN,1,G6-MATH-CHIA-SO-THAP,Chia số thập phân có dấu,B29K2,9,4,2,4,3,0,1,0,0,1,G6-MATH-NHAN-BIET-VA (Nhận biết và đọc/viết số thập phân âm) | G9-MATH-THUC-HIEN-PHEP (Thực hiện phép chia hết hai số nguyên - xác định đúng dấu của thương),(none),"[medium] Cho hai số thập phân dương a và b. Quy tắc nào sau đây là đúng khi thực hiện phép chia hai | [hard] Kết quả của phép tính 0,84 : 0,07 là: | [easy] Trong các biểu thức sau, biểu thức nào có kết quả bằng với kết quả của phép tính 12.5 ÷ (− | [hard] Cho hai số thập phân x và y thỏa mãn x < 0 và y < 0. So sánh hai giá trị M = x ÷ y và N =  | [medium] Để tính thương của hai số thập phân khác dấu (−x) ÷ y (với x, y > 0), khẳng định nào sau đ | [easy] Kết quả của phép chia hai số thập phân cùng dấu âm luôn là: | [hard] Một học sinh giải bài toán tính thương (−1.5) ÷ 0.5 như sau:
Bước 1: Xét hai số 1.5 và 0.5 | [medium] Kết quả của phép tính 6,3 : 0,9 là: | [medium] Kết quả của phép tính 8,4 : 2 là:"
T1_QUICK_WIN,1,G6-MATH-MO-TA-CAC-1,Mô tả các tính chất của hình vuông,B18K1,9,2,3,2,4,0,0,0,1,1,(none),G6-MATH-NHAN-BIET-HINH (Nhận biết hình vuông ),"[medium] Cho hình vuông ABCD. Khẳng định nào sau đây mô tả đầy đủ và chính xác nhất các tính chất v | [medium] Trong các yếu tố sau của hình vuông MNPQ, yếu tố nào liên quan đến hai đường chéo? | [easy] Nếu một hình vuông có độ dài cạnh là 5 cm, thì độ dài của ba cạnh còn lại lần lượt là: | [easy] Mỗi góc của hình vuông có số đo bằng bao nhiêu độ? | [hard] Bạn Lan đang thực hiện các bước vẽ hình vuông XYZT có cạnh bằng a. Sau khi vẽ đoạn thẳng X | [hard] Cho hình vuông ABCD có độ dài cạnh là m và độ dài đường chéo là n. Phát biểu nào sau đây l | [easy] Mỗi góc của hình vuông có số đo bằng bao nhiêu độ? | [hard] Bạn Lan đang thực hiện các bước vẽ hình vuông XYZT có cạnh bằng a. Sau khi vẽ đoạn thẳng X | [hard] Cho hình vuông ABCD có độ dài cạnh là m và độ dài đường chéo là n. Phát biểu nào sau đây l"
T1_QUICK_WIN,2,G6-MATH-BO-NGOAC-LONG,Bỏ ngoặc lồng nhau ,B15K1,8,1,3,3,2,1,0,0,1,2,G9-MATH-BO-DAU-NGOAC (Bỏ dấu ngoặc có dấu - đằng trước) | G6-MATH-BO-DAU-NGOAC (Bỏ dấu ngoặc có dấu + đằng trước ) | G6-MATH-AP-DUNG-DUNG-1 (Áp dụng đúng thứ tự phép tính CÓ ngoặc (bao gồm ngoặc lồng nhiều cấp) Thứ tự ngoặc: {} → [] → ()),(none),"[medium] Để rút gọn biểu thức lồng nhau P = a - [b - (c + d)], một học sinh thực hiện bỏ dấu ngoặc  | [medium] Cho biểu thức tổng quát M = x - [y - (z - t)]. Khẳng định nào sau đây là đúng về cấu trúc  | [easy] Trong biểu thức −[3 − (−2)], bước bỏ ngoặc trong cùng đúng là: | [medium] Biểu thức x − [y − (−z)] sau khi bỏ hết ngoặc phải có dạng nào? | [easy] Bỏ ngoặc trong cùng của biểu thức a − [b − (c + d)] thì phần trong ngoặc vuông trở thành: | [hard] Biểu thức m − [−n − (p − q)] sau khi bỏ hết ngoặc có dạng nào? | [easy] Theo quy tắc dấu ngoặc trong SGK, khi bỏ dấu ngoặc có dấu ""-"" đằng trước, ta phải thực hiệ | [hard] Một bạn làm như sau:
a − [b − (c − d)] = a − [b − c − d] = a − b − c − d

Bạn đó sai đầu t"
T1_QUICK_WIN,2,G6-MATH-CHIA-HAI-PHAN,Chia hai phân số ,B26K2,8,1,2,3,3,1,1,0,0,2,G6-MATH-PHAN-SO-NGHICH (Phân số nghịch đảo ) | G6-MATH-NHAN-HAI-PHAN (Nhân hai phân số ),G9-MATH-TIM-MOT-SO (Tìm một số biết giá trị phân số của nó) | G6-MATH-B31K2 (Tính tỉ số của hai số và viết dưới dạng tỉ số phần trăm),"[easy] Để thực hiện phép chia một phân số cho một số nguyên k (với k ≠ 0), ta có thể hiểu là đang | [hard] Một học sinh giải bài toán chia phân số như sau:
Bước 1: (3/5) ÷ (2/7)
Bước 2: = (5/3) × ( | [hard] Cho biểu thức P = (m/n) ÷ (p/q) với m, n, p, q là các số nguyên khác 0. Nếu ta giữ nguyên  | [medium] Kết quả của phép tính 3/5 : 3 là: | [easy] Kết quả của phép tính 1/2 : 1/3 là: | [medium] Cho hai phân số a/b và c/d (với b, c, d ≠ 0). Theo quy tắc chia phân số, kết quả của phép  | [hard] Một bạn làm như sau:

4/7 : 2/3 = 4/7 × 2/3 = 8/21

Bạn đó sai ở đâu? | [medium] Kết quả của phép tính 2/3 : 5/7 là:"
T1_QUICK_WIN,2,G6-MATH-NHAN-BIET-HAI,Kiểm tra hai phân số bằng nhau bằng điều kiện nhân chéo -  a·d = b·c,B23K1,8,2,2,2,4,0,1,0,1,2,"G9-MATH-NHAN-BIET-PHAN (Nhận biết phân số có tử và mẫu là số nguyên, mẫu khác 0) | G6-MATH-NHAN-HAI-SO (Nhân hai số nguyên khác dấu ) | G6-MATH-NHAN-HAI-SO-1 (Nhân hai số nguyên cùng dấu)",(none),"[easy] Để kiểm tra xem hai phân số 1/2 và 3/6 có bằng nhau hay không, ta cần so sánh giá trị của  | [easy] Trong các cặp phân số sau, cặp phân số nào bằng nhau vì có tích chéo bằng 12? | [medium] Cho hai phân số a/b và c/d (với b, d ≠ 0). Theo định nghĩa, hai phân số này được gọi là bằ | [medium] Từ đẳng thức m·n = p·q (với m, n, p, q ≠ 0), ta có thể thiết lập được cặp phân số bằng nha | [hard] Biết rằng phân số x/y bằng phân số a/b (y, b ≠ 0). Nếu ta gấp đôi cả x và b thì hai tích c | [hard] Một học sinh phát biểu: ""Vì (-2)·(-6) = 3·4 nên phân số (-2)/3 bằng phân số 4/(-6)"". Khẳng | [hard] Biết rằng phân số x/y bằng phân số a/b (y, b ≠ 0). Nếu ta gấp đôi cả x và b thì hai tích c | [hard] Một học sinh phát biểu: ""Vì (-2)·(-6) = 3·4 nên phân số (-2)/3 bằng phân số 4/(-6)"". Khẳng"
T1_QUICK_WIN,2,G6-MATH-NHAN-BIET-VA,Nhận biết và đọc/viết số thập phân âm,B28K2,8,2,2,2,4,0,1,0,1,2,"G6-MATH-NHAN-BIET-DOC (Nhận biết, đọc và viết số nguyên âm)","G6-MATH-NHAN-SO-THAP (Nhân số thập phân có dấu) | G6-MATH-CHIA-SO-THAP (Chia số thập phân có dấu) | G6-MATH-SO-SANH-HAI-2 (So sánh hai số thập phân) | G6-MATH-CONG-TRU-SO (Cộng trừ số thập phân có dấu ) | G6-MATH-LAM-TRON-SO (Làm tròn số thập phân có dấu đến hàng cho trước) | G7-MATH-NHAN-BIET-SO (Nhận biết số thập phân hữu hạn và vô hạn tuần hoàn, xác định chu kì )","[easy] Cho số thập phân −15,08. Phát biểu nào sau đây về cấu trúc của số này là đúng? | [hard] Cho hai số thập phân dương a và b thỏa mãn a < b. Gọi −a và −b lần lượt là các số đối của  | [hard] Một học sinh thực hiện chuyển đổi phân số −x/1000 (với x là số tự nhiên có hai chữ số) san | [hard] Một học sinh thực hiện chuyển đổi phân số −x/1000 (với x là số tự nhiên có hai chữ số) san | [hard] Cho hai số thập phân dương a và b thỏa mãn a < b. Gọi −a và −b lần lượt là các số đối của  | [medium] Khẳng định nào sau đây là đúng về cách viết phân số thập phân −2021/100 dưới dạng số thập  | [medium] Cách đọc nào sau đây mô tả đúng số thập phân −10,025? | [easy] Trong các số sau đây, số nào được phân loại là số thập phân âm?"
T1_QUICK_WIN,2,G6-MATH-PHAN-SO-NGHICH,Phân số nghịch đảo ,B26K2,8,4,3,4,1,0,0,0,2,2,"G9-MATH-NHAN-BIET-PHAN (Nhận biết phân số có tử và mẫu là số nguyên, mẫu khác 0)",G6-MATH-CHIA-HAI-PHAN (Chia hai phân số ),"[medium] Cho phân số m/n (với m, n ≠ 0). Phân số nghịch đảo của m/n là: | [hard] Cho phân số P = (n - 2)/7 với n là số nguyên. Tìm điều kiện của n để phân số P có phân số  | [medium] Hai phân số được gọi là nghịch đảo của nhau nếu tích của chúng bằng: | [easy] Để tìm phân số nghịch đảo của số nguyên -5, ta viết -5 dưới dạng phân số là (-5)/1. Vậy ph | [medium] Khẳng định nào sau đây là đúng khi nói về phân số nghịch đảo? | [easy] Số nguyên n (với n ≠ 0) có thể được viết dưới dạng phân số n/1. Phân số nghịch đảo của số  | [easy] Phân số nghịch đảo của phân số (-3)/7 là: | [medium] Cho phân số m/n (với m, n ≠ 0). Phân số x được gọi là phân số nghịch đảo của m/n khi thỏa "
T1_QUICK_WIN,2,G6-MATH-PHAN-TICH-RA,Phân tích ra thừa số nguyên tố,B10K1,8,3,2,4,2,0,1,0,1,2,"G6-MATH-NHAN-BIET-SO (Nhận biết số nguyên tố và hợp số) | G9-MATH-NHAN-BIET-CAU (Nhận biết cấu trúc lũy thừa (cơ số, số mũ, đọc/viết ký hiệu aⁿ))",G6-MATH-TIM-BCNN (Tìm BCNN) | G6-MATH-TIM-UCLN (Tìm ƯCLN) | G7-MATH-TINH-CAN-BAC (Tính căn bậc hai số học bằng cách phân tích thừa số nguyên tố),"[hard] Một học sinh phân tích số n ra thừa số nguyên tố theo sơ đồ cây như sau:
Bước 1: Tách n =  | [medium] Trong các biểu thức sau, biểu thức nào là dạng phân tích ra thừa số nguyên tố của một số t | [hard] Cho số tự nhiên n = a² · b³ với a và b là hai số nguyên tố khác nhau. Khẳng định nào sau đ | [medium] Khi phân tích một hợp số n ra thừa số nguyên tố, khẳng định nào sau đây mô tả đúng nhất về | [easy] Khi thực hiện phân tích một số ra thừa số nguyên tố theo sơ đồ cột, ta thực hiện phép chia | [easy] Trong các phát biểu sau, phát biểu nào về số 0 và số 1 là đúng nhất theo nội dung bài học? | [medium] Theo quy ước của toán học, dạng phân tích ra thừa số nguyên tố của một số nguyên tố p là g | [medium] Khẳng định nào sau đây mô tả đúng quy ước về cách trình bày kết quả khi phân tích một hợp "
T1_QUICK_WIN,2,G6-MATH-SO-SANH-HAI,So sánh hai phân số cùng mẫu ,B24K2,8,4,4,4,0,0,0,0,3,2,"G9-MATH-SO-SANH-HAI-1 (Biểu diễn số nguyên trên trục số và so sánh hai số nguyên) | G9-MATH-NHAN-BIET-PHAN (Nhận biết phân số có tử và mẫu là số nguyên, mẫu khác 0)",G6-MATH-SO-SANH-HAI-1 (So sánh hai phân số khác mẫu bằng cách quy đồng mẫu),"[medium] Để so sánh hai phân số 3/-7 và -4/7, bước đầu tiên đúng quy tắc nhất là: | [medium] Cho hai phân số a/m và b/m với m là số nguyên dương. Khẳng định nào sau đây là đúng theo q | [easy] Khi so sánh hai phân số -11/15 và -13/15, việc so sánh hai phân số này được đưa về việc so | [easy] Trong các cặp phân số cùng mẫu dương dưới đây, cặp nào có phân số thứ nhất nhỏ hơn phân số | [medium] Để so sánh hai phân số cùng mẫu là x/n và y/n theo quy tắc ""tử lớn hơn thì phân số lớn hơn | [easy] Khi so sánh hai phân số 3/(-7) và 5/(-7), bước đầu tiên đúng quy trình là gì? | [easy] Trong các cặp phân số sau đây, cặp phân số nào đã ở dạng cùng mẫu dương và có thể so sánh  | [medium] Cho hai phân số a/m và b/m với a, b, m ∈ ℤ và m > 0. Khẳng định nào sau đây là đúng theo q"
T1_QUICK_WIN,2,G6-MATH-TIA,Tia,B32K2,8,4,4,4,0,0,0,0,3,2,(none),"G6-MATH-TIA-DOI-NHAU (Tia đối nhau) | G9-MATH-NHAN-BIET-GOC (Nhận biết góc - đỉnh, cạnh, ký hiệu) | G7-MATH-NHAN-BIET-TIA (Nhận biết tia phân giác và tính số đo góc )","[easy] Trong cách viết tên ""tia Am"", ký tự nào đại diện cho gốc của tia? | [medium] Hai tia được gọi là đối nhau nếu chúng thỏa mãn đồng thời các điều kiện nào sau đây? | [medium] Cho điểm M nằm trên đường thẳng d. Cách viết ký hiệu nào sau đây mô tả đúng mối quan hệ nà | [easy] Trong các cách đặt tên sau đây, cách nào tuân thủ đúng quy ước thông thường trong hình học | [medium] Khi ba điểm A, B, C cùng thuộc một đường thẳng, ta gọi ba điểm đó là: | [easy] Qua hai điểm phân biệt P và Q cho trước, có thể vẽ được bao nhiêu đường thẳng đi qua cả ha | [medium] Khẳng định nào sau đây mô tả chính xác nhất về tia Ox? | [easy] Cho điểm B nằm giữa hai điểm A và C. Khẳng định nào sau đây là SAI?"
T1_QUICK_WIN,2,G6-MATH-TIM-VA-XAC,Tìm và xác định trục đối xứng của hình phẳng,B21K1,8,4,3,4,1,0,0,0,2,2,(none),G6-MATH-NHAN-BIET-HINH-1 (Nhận biết hình có trục đối xứng),"[medium] Cho một hình phẳng và một đường thẳng d. Theo định nghĩa về hình có trục đối xứng, đường t | [medium] Trong các khẳng định sau về trục đối xứng của các hình phẳng quen thuộc, khẳng định nào đú | [easy] Để cắt chữ T từ một tờ giấy hình chữ nhật bằng cách gấp đôi tờ giấy một lần duy nhất, ta n | [medium] Đường thẳng d được gọi là trục đối xứng của một hình phẳng nếu: | [medium] Xét một hình chữ nhật. Phát biểu nào sau đây mô tả đúng về trục đối xứng của nó? | [easy] Để cắt được chữ T từ một tờ giấy hình chữ nhật bằng phương pháp gấp đôi một lần duy nhất,  | [hard] Bạn An thực hiện một thí nghiệm: ""Lấy một hình thoi (không phải hình vuông), vẽ hai đường  | [easy] Hình nào trong các hình sau đây có số lượng trục đối xứng lớn nhất?"
T1_QUICK_WIN,2,G6-MATH-TINH-DO-DAI,Tính độ dài qua trung điểm ,B35K2,8,3,4,3,1,0,0,0,2,2,G6-MATH-SO-SANH-DO (So sánh độ dài đoạn thẳng) | G6-MATH-NHAN-BIET-TRUNG (Nhận biết trung điểm của đoạn thẳng ) | G6-MATH-CONG-DO-DAI (Cộng độ dài đoạn thẳng ),(none),"[hard] Bạn An thực hiện bài toán: ""Cho M là trung điểm AB. Biết AM = 3 cm, tính AB"". An giải như  | [medium] Cho điểm M là trung điểm của đoạn thẳng AB. Khẳng định nào sau đây diễn đạt đúng nhất về m | [medium] Nếu điểm K nằm giữa hai điểm C và D sao cho CK = 5 cm, thì để K là trung điểm của đoạn thẳ | [easy] Cho đoạn thẳng EF có độ dài là L. Nếu G là trung điểm của EF thì độ dài đoạn thẳng EG được | [medium] Nếu điểm M là trung điểm của đoạn thẳng PQ có độ dài bằng s, khẳng định nào sau đây mô tả  | [easy] Điểm C là trung điểm của đoạn thẳng AB. Nếu biết độ dài đoạn thẳng AC là m, thì độ dài đoạ | [easy] Để điểm I là trung điểm của đoạn thẳng PQ, cần thỏa mãn bao nhiêu điều kiện trong hai điều | [easy] Trên tia Ox, lấy hai điểm E và F sao cho OE = EF. Khẳng định nào sau đây là đúng nhất về v"
T1_QUICK_WIN,2,G9-MATH-NHAN-BIET-BINH,"Nhận biết bình phương, lập phương,",B6K1,8,4,2,4,2,0,1,0,1,2,"G9-MATH-NHAN-BIET-CAU (Nhận biết cấu trúc lũy thừa (cơ số, số mũ, đọc/viết ký hiệu aⁿ))",G9-MATH-NHAN-BIET-SO (Nhận biết số chính phương),"[medium] Ký hiệu toán học nào dưới đây biểu diễn ""lập phương của 8""? | [medium] Phát biểu nào sau đây là ĐÚNG khi đọc biểu thức 12²? | [easy] Phép tính nào dưới đây giải thích đúng ý nghĩa của cụm từ ""bình phương của 7""? | [hard] Một bạn học sinh phát biểu: ""Số 8 là một số chính phương vì 8 = 4 × 2"". Phát biểu này đúng | [hard] Các số 0, 1, 4, 9, 16,... gọi là các số chính phương. Dựa vào quy luật đó, số nào dưới đây | [medium] Khẳng định nào sau đây là đúng khi nói về biểu thức x³ (với x là số tự nhiên)? | [medium] Trong các cách viết sau, cách viết nào biểu diễn ""Bình phương của tổng a và b""? | [easy] Đối với lũy thừa 5², số 5 được gọi là gì?"
T1_QUICK_WIN,3,G6-MATH-AP-DUNG-DUNG,Áp dụng đúng thứ tự phép tính KHÔNG có ngoặc Thứ tự: lũy thừa → nhân chia → cộng trừ (trái sang phải khi cùng cấp),B7K1,7,2,2,2,3,0,1,0,2,3,"G9-MATH-NHAN-BIET-CAU (Nhận biết cấu trúc lũy thừa (cơ số, số mũ, đọc/viết ký hiệu aⁿ))",(none),"[medium] Trong một biểu thức không có dấu ngoặc, chỉ bao gồm các phép tính: cộng, trừ, nhân, chia v | [medium] Để tính giá trị của biểu thức M = 100 - 2 · 3² + 5 theo đúng quy tắc, bước thực hiện đầu t | [easy] Khi thực hiện tính giá trị biểu thức A = 48 ÷ 4 · 2, quy tắc nào sau đây là đúng? | [easy] Cho biểu thức biểu diễn dưới dạng chữ: P = a + b · c. Khẳng định nào sau đây mô tả đúng tr | [hard] Một học sinh giải bài toán tính giá trị biểu thức Q = 20 - 10 ÷ 2 · 3 như sau:
Bước 1: Q = | [hard] Xét biểu thức tổng quát (không có dấu ngoặc): X = aⁿ - b · c ÷ d + e. Gọi T1 là kết quả củ | [hard] Xét biểu thức tổng quát (không có dấu ngoặc): X = aⁿ - b · c ÷ d + e. Gọi T1 là kết quả củ"
T1_QUICK_WIN,3,G6-MATH-AP-DUNG-DUNG-1,Áp dụng đúng thứ tự phép tính CÓ ngoặc (bao gồm ngoặc lồng nhiều cấp) Thứ tự ngoặc: {} → [] → (),B7K1,7,2,2,3,2,0,1,0,2,3,(none),G6-MATH-BO-NGOAC-LONG (Bỏ ngoặc lồng nhau ),"[medium] Khi thực hiện tính giá trị của một biểu thức có chứa các dấu ngoặc: ngoặc tròn ( ), ngoặc  | [medium] Trong biểu thức {18 − [6 − (4 − 1)]}, nhóm ngoặc nào phải được thực hiện trước? | [easy] Trong biểu thức P = 100 : [5 · (3 + 2)], phép tính nằm trong dấu ngoặc nào cần được ưu tiê | [hard] Bạn An thực hiện tính giá trị biểu thức M = 120 : {2 · [30 - (5 + 5)]} theo các bước sau:
 | [medium] Cho biểu thức tổng quát: A = x + {y ÷ [z · (m - n)]}. Trong các bước thực hiện dưới đây, b | [hard] Xét biểu thức T = a - {b + [c - (d + e)]}. Sau khi thực hiện phép tính (d + e) và thu được | [easy] Để tính giá trị biểu thức Q = 80 - {20 + [10 - (5 + 3)]}, một học sinh phát biểu các bước "
T1_QUICK_WIN,3,G6-MATH-B37K2,Nhận biết góc đặc biệt ,B37K2,7,2,2,2,3,0,1,0,2,3,G6-MATH-DO-GOC-BANG (Nhận biết số đo góc và đo góc bằng thước đo góc),"G7-MATH-NHAN-BIET-DUONG-1 (Nhận biết đường vuông góc, đường xiên, khoảng cách) | G6-MATH-GOC-BET (Góc bẹt) | G7-MATH-AP-DUNG-HE (Áp dụng hệ quả tính chất hai đường tăhnrg song song (vuông góc) ) | G7-MATH-PHAN-LOAI-TAM (Phân loại tam giác theo góc ) | G7-MATH-NHAN-BIET-DUONG (Nhận biết đường trung trực )","[easy] Trong các số đo sau đây, số đo nào có thể là số đo của một góc nhọn? | [hard] Cho góc m có số đo là a và góc n có số đo là b. Biết rằng 90° < a < 180° và tổng số đo hai | [medium] Khẳng định nào sau đây mô tả đúng về đặc điểm của góc tù? | [medium] Khi so sánh một góc nhọn (ký hiệu là góc x) và một góc vuông (ký hiệu là góc y), khẳng địn | [easy] Dụng cụ đo góc (thước đo độ) cho biết một góc có số đo tối đa là bao nhiêu độ? | [hard] Một bạn học sinh phát biểu: ""Mọi góc có số đo lớn hơn 90° đều là góc tù"". Phát biểu này đú | [hard] Một bạn học sinh phát biểu: ""Mọi góc có số đo lớn hơn 90° đều là góc tù"". Phát biểu này đú"
T1_QUICK_WIN,3,G6-MATH-NHAN-BIET-HINH,Nhận biết hình vuông ,B18K1,7,2,3,2,2,0,0,0,3,3,G6-MATH-MO-TA-CAC-1 (Mô tả các tính chất của hình vuông),G6-MATH-VE-HINH-VUONG (Vẽ Hình vuông),"[easy] Trong các đặc điểm sau, đặc điểm nào KHÔNG PHẢI là của hình vuông? | [hard] Một bạn học sinh khẳng định: ""Nếu một hình tứ giác có bốn cạnh bằng nhau thì đó chắc chắn  | [medium] Trong hình vuông ABCD, khẳng định nào sau đây mô tả đúng và đầy đủ nhất về các góc của hìn | [medium] Cho hình vuông MNPQ. Hai đoạn thẳng nào sau đây chắc chắn có độ dài bằng nhau? | [easy] Hình vuông là hình có bao nhiêu cạnh bằng nhau? | [easy] Trong các đặc điểm sau, đặc điểm nào KHÔNG PHẢI là của hình vuông? | [hard] Một bạn học sinh khẳng định: ""Nếu một hình tứ giác có bốn cạnh bằng nhau thì đó chắc chắn "
T1_QUICK_WIN,3,G6-MATH-NHAN-BIET-HINH-2,Nhận biết hình có tâm đối xứng,B22K1,7,3,2,3,2,0,1,0,2,3,(none),G6-MATH-XAC-DINH-VI (Xác định vị trí tâm đối xứng của hình phẳng cụ thể ) | G6-MATH-XAC-DINH-VI-1 (Xác định vị trí tâm đối xứng của các hình khác),"[hard] Bạn An khẳng định: ""Tất cả các hình có trục đối xứng thì chắc chắn sẽ có tâm đối xứng"". Ph | [medium] Trong các hình phẳng sau: Hình bình hành, hình thoi, hình chữ nhật và hình vuông, điểm nào | [hard] Giả sử điểm O là tâm đối xứng của một hình H. Nếu lấy một điểm M bất kỳ thuộc hình H, thì  | [easy] Cho hình lục giác đều có tâm O là giao điểm của các đường chéo chính. Nếu ta thực hiện qua | [easy] Trong các hình dưới đây, hình nào KHÔNG có tâm đối xứng trong thực tế? | [medium] Một hình phẳng được gọi là hình có tâm đối xứng O nếu ta quay hình đó xung quanh điểm O đú | [medium] Một hình phẳng được gọi là hình có tâm đối xứng O nếu khi ta quay hình đó xung quanh điểm "
T1_QUICK_WIN,3,G6-MATH-NHAN-BIET-SO-1,Xác định số đối của một số nguyên,B14K1,7,2,2,2,3,0,1,0,2,3,"G6-MATH-NHAN-BIET-DOC (Nhận biết, đọc và viết số nguyên âm)",G6-MATH-TU-CHO-SO (Trừ hai số nguyên) | G9-MATH-BO-DAU-NGOAC (Bỏ dấu ngoặc có dấu - đằng trước) | G6-MATH-SO-DOI-CUA (Xác định số đối của phân số),"[medium] Cho hai số nguyên m và n là hai số đối nhau. Khẳng định nào sau đây luôn đúng về tổng của  | [medium] Ký hiệu số đối của số nguyên a là -a. Theo quy tắc này, cách viết nào sau đây thể hiện đún | [easy] Trên trục số nằm ngang, nếu điểm biểu diễn số nguyên x nằm bên trái điểm 0 và cách điểm 0  | [easy] Trong tập hợp các số nguyên, số nào có đặc điểm là ""số đối của chính nó""? | [hard] Cho x là một số nguyên âm. Phát biểu nào sau đây là ĐÚNG nhất khi nói về số đối của x (ký  | [hard] Một học sinh thực hiện phép trừ hai số nguyên như sau: 7 - (-4) = 7 - 4 = 3. Em hãy phân t | [hard] Một học sinh thực hiện phép trừ hai số nguyên như sau: 7 - (-4) = 7 - 4 = 3. Em hãy phân t"
T1_QUICK_WIN,3,G6-MATH-NHAN-BIET-TAP,Nhận biết tập hợp và liệt kê tập hợp,B1K1,7,1,0,0,0,1,3,2,3,3,(none),G6-MATH-NHAN-BIET-PHAN (Nhận biết phần tử thuộc hoặc không thuộc tập hợp) | G6-MATH-NHAN-BIET-SO-2 (Nhận biết số thực và tập hợp R),"[None] Tập hợp các chữ cái trong từ ""TOÁN"" được viết là: | [None] Cho tập hợp A = {7}. Khẳng định nào sau đây là đúng? | [None] Liệt kê tập hợp A gồm các số tự nhiên chẵn lớn hơn 3 và nhỏ hơn 12. | [None] Tập hợp B gồm các chữ số xuất hiện trong số 20 262 là: | [None] Cách viết nào dưới đây là cách viết đúng của tập hợp gồm các số 1, 2, 3? | [None] Tập hợp C gồm các số tự nhiên x thỏa mãn x · 0 = 0 và x < 4 là: | [None] Tập hợp các số tự nhiên nhỏ hơn 5 là:"
T1_QUICK_WIN,3,G6-MATH-TIM-BOI-CUA,Tìm bội của một số ,B8K1,7,2,3,2,2,0,0,0,3,3,G6-MATH-XAC-DINH-UOC (Xác định ước và bội trong phép chia hết ),G6-MATH-TIM-UOC-VA (Tìm ước và bội số ),"[medium] Cho số tự nhiên n khác 0. Tập hợp các bội của n, kí hiệu là B(n), được viết dưới dạng chỉ  | [medium] Để tìm các bội của số 6, một học sinh thực hiện nhân 6 lần lượt với các số tự nhiên 0; 1;  | [easy] Nếu có số tự nhiên k sao cho a = 15 · k, ta phát biểu về quan hệ giữa a và 15 như thế nào  | [easy] Trong các khẳng định sau, khẳng định nào đúng về mối quan hệ giữa số 0 và một số tự nhiên  | [easy] Trong các khẳng định sau, khẳng định nào đúng về mối quan hệ giữa số 0 và một số tự nhiên  | [hard] Cho x và y là hai số tự nhiên khác 0. Nếu x là một bội của m và y cũng là một bội của m, k | [hard] Một học sinh liệt kê tập hợp P các bội của 8 nhưng nhỏ hơn 40 như sau: P = {8; 16; 24; 32}"
T1_QUICK_WIN,3,G6-MATH-TIM-UOC-VA,Tìm ước và bội số ,B17K1,7,4,3,4,0,0,0,0,3,3,G6-MATH-TIM-UOC-CUA (Tìm ước của một số ) | G6-MATH-TIM-BOI-CUA (Tìm bội của một số ) | G6-MATH-NHAN-BIET-MO (Nhận biết - Mở rộng ước và bội sang số nguyên âm),G6-MATH-QUY-DONG-MAU (Quy đồng mẫu các phân số có tử/mẫu nguyên bằng cách đưa về các phân số bằng nhau cùng mẫu dương),"[medium] Cho m và n là hai số nguyên dương. Theo quy tắc nhân hai số nguyên khác dấu, khẳng định nà | [easy] Trong các phát biểu sau về phép nhân với số 0, phát biểu nào đúng với mọi số nguyên a? | [medium] Xét tích P = a · b trong đó a và b là hai số nguyên âm. Phát biểu nào sau đây mô tả đúng n | [easy] Khẳng định nào sau đây là LUÔN ĐÚNG về dấu của tích hai số nguyên âm? | [medium] Cho m và n là hai số tự nhiên khác 0. Biểu thức nào sau đây biểu diễn đúng quy tắc nhân ha | [medium] Khi thực hiện phép tính tích của một số nguyên a với tổng (b + c), khẳng định nào sau đây  | [easy] Kết quả của phép nhân một số nguyên âm với một số nguyên dương là:"
T1_QUICK_WIN,3,G6-MATH-TINH-GIA-TRI,Tính giá trị luỹ thừa,B6K1,7,4,2,4,1,0,1,0,2,3,"G9-MATH-NHAN-BIET-CAU (Nhận biết cấu trúc lũy thừa (cơ số, số mũ, đọc/viết ký hiệu aⁿ))",G9-MATH-NHAN-BIET-SO (Nhận biết số chính phương),"[easy] Theo quy ước về lũy thừa, giá trị của biểu thức 2024⁰ bằng: | [medium] Cho biểu thức P = x · x · x · x · x · x (với x là số tự nhiên). Cách viết nào sau đây biểu | [medium] Với a là số tự nhiên khác 0, kết quả của phép tính a⁸ : a² · a³ được viết dưới dạng một lũ | [hard] Một học sinh thực hiện phép tính chia hai lũy thừa cùng cơ số như sau:
Bước 1: x¹⁰ : x²
Bư | [medium] Cho x là một số tự nhiên tùy ý. Biểu thức P = x · x · x · x được viết gọn dưới dạng lũy th | [easy] Trong cách viết lũy thừa 5³, số 3 được gọi là: | [medium] Khi nhân hai lũy thừa cùng cơ số xᵐ · xⁿ (với x ≠ 0; m, n ∈ ℕ*), quy tắc đúng là:"
T2_LOW,6,G6-MATH-LAM-TRON-SO,Làm tròn số thập phân có dấu đến hàng cho trước,B30K2,4,1,2,1,1,1,1,1,3,6,G9-MATH-SO-SANH-HAI (So sánh hai số tự nhiên và biểu diễn trên trục số ) | G6-MATH-NHAN-BIET-VA (Nhận biết và đọc/viết số thập phân âm),G6-MATH-UOC-LUONG-KET (Ước lượng kết quả phép tính với số thập phân) | G7-MATH-LAM-TRON-SO (Làm tròn số thập phân cnw cứ vào độ chính xác ),"[easy] Khi thực hiện làm tròn một số thập phân đến một hàng nào đó ở PHẦN THẬP PHÂN, các chữ số đ | [easy] Trong quy tắc làm tròn, nếu chữ số ngay bên phải hàng làm tròn là số 5, ta phải thực hiện  | [hard] Một học sinh làm tròn số 17,48 đến hàng đơn vị như sau: 
""Bước 1: Làm tròn 17,48 đến hàng  | [medium] Cho số thập phân dương X = 12,a5 (trong đó a là chữ số hàng phần mười). Biết rằng khi làm "
T2_LOW,6,G6-MATH-NHAN-BIET-DIEM,Nhận biết điểm thuộc/không thuộc đường thẳng ,B32K2,4,2,1,2,1,0,2,0,4,6,"G6-MATH-DIEM-DUONG-THANG (Điểm, đường thẳng )","G6-MATH-BA-DIEM-THANG (Ba điểm thẳng hàng) | G6-MATH-HAI-DUONG-THANG (Hai đường thẳng song song, cắt nhau, trùng nhau)","[medium] Khẳng định nào sau đây tương đương với cách nói ""Đường thẳng a đi qua điểm P""? | [hard] Một bạn học sinh viết: ""Vì đường thẳng d đi qua điểm M nên d ∈ M"". Nhận xét nào sau đây là | [medium] Cho điểm M nằm trên đường thẳng d. Cách viết nào sau đây mô tả đúng mối quan hệ này theo q | [easy] Kí hiệu nào sau đây được dùng để khẳng định điểm A KHÔNG nằm trên đường thẳng d?"
T2_LOW,6,G6-MATH-NHAN-BIET-DOAN,Nhận biết đoạn thẳng,B34K2,4,2,1,2,1,0,2,0,4,6,(none),G6-MATH-DO-DAI-DOAN (Đo độ dài đoạn thẳng) | G6-MATH-SO-SANH-DO (So sánh độ dài đoạn thẳng) | G6-MATH-CONG-DO-DAI (Cộng độ dài đoạn thẳng ),"[easy] Trong các khẳng định sau, khẳng định nào luôn ĐÚNG khi nói về độ dài đoạn thẳng? | [medium] Khẳng định nào sau đây mô tả đầy đủ và chính xác nhất về đoạn thẳng MN? | [medium] Trên đoạn thẳng PQ, hai điểm P và Q được gọi là: | [hard] Bạn An thực hiện đo các đoạn thẳng và phát biểu các kết luận sau. Theo em, kết luận nào củ"
T2_LOW,6,G6-MATH-NHAN-HAI-SO-1,Nhân hai số nguyên cùng dấu,B16K1,4,3,1,3,0,0,2,0,4,6,"G6-MATH-NHAN-BIET-DOC (Nhận biết, đọc và viết số nguyên âm)",G6-MATH-NHAN-BIET-HAI (Kiểm tra hai phân số bằng nhau bằng điều kiện nhân chéo -  a·d = b·c) | G6-MATH-TINH-CHAT-CO (Áp dụng tính chất cơ bản của phân số bằng cách nhân hoặc chia cả tử và mẫu với cùng một số nguyên khác 0) | G6-MATH-NHAN-HAI-PHAN (Nhân hai phân số ) | G9-MATH-NHAN-BIET-MO (Nhận biết mở rộng mối quan hệ chia hết sang số nguyên âm),"[medium] Cho m và n là hai số nguyên dương. Theo quy tắc nhân hai số nguyên âm, biểu thức (-m) · (- | [medium] Cho m và n là hai số nguyên âm. Khẳng định nào sau đây mô tả đúng nhất về quy tắc xác định | [medium] Khi thực hiện phép nhân hai số nguyên cùng dấu (khác 0), khẳng định nào sau đây luôn đúng  | [easy] Trong các phép tính sau đây, phép tính nào sẽ cho kết quả là một số nguyên dương?"
T2_LOW,6,G6-MATH-NHAN-RA-QUY,Nhận ra quy luật từ biểu đồ cột kép ,B41K2,4,1,2,2,0,1,1,0,4,6,G6-MATH-DOC-VA-PHAN-3 (Đọc và phân tích dữ liệu từ biểu đồ cột kép ),(none),"[easy] Để biến phân số 2/7 thành một phân số có mẫu số 21, tử số mới phải là: | [easy] Phân số nào bằng 3/(−4)? | [medium] Khi quy đồng hai phân số 1/(−2) và 3/4 về mẫu số 4, cách viết đúng là: | [medium] Biểu đồ cột kép biểu diễn số học sinh tham gia hai câu lạc bộ A và B trong 4 tuần:

Tuần 1"
T2_LOW,6,G6-MATH-SO-DOI-CUA,Xác định số đối của phân số,B25K2,4,3,1,3,0,0,2,0,4,6,"G6-MATH-NHAN-BIET-SO-1 (Xác định số đối của một số nguyên) | G9-MATH-NHAN-BIET-PHAN (Nhận biết phân số có tử và mẫu là số nguyên, mẫu khác 0)",(none),"[medium] Cho phân số x/y (với x, y ∈ ℤ, y ≠ 0). Khẳng định nào sau đây KHÔNG biểu diễn số đối của p | [medium] Nếu hai phân số m/n và p/q là hai số đối nhau, khẳng định nào sau đây về tổng của chúng là | [medium] Khẳng định nào sau đây là SAI khi nói về số đối của một phân số a/b (với a, b ∈ ℤ, b ≠ 0)? | [easy] Kí hiệu số đối của phân số 3/(-5) là:"
T2_LOW,6,G6-MATH-SO-SANH-HAI-2,So sánh hai số thập phân,B28K2,4,3,1,3,0,0,2,0,4,6,G6-MATH-NHAN-BIET-VA (Nhận biết và đọc/viết số thập phân âm) | G9-MATH-SO-SANH-HAI-1 (Biểu diễn số nguyên trên trục số và so sánh hai số nguyên),(none),"[medium] Biết m và n là hai số thập phân dương sao cho m > n. Khi so sánh hai số đối của chúng là - | [medium] Nếu x và y là hai số thập phân dương thỏa mãn x > y, khi so sánh hai số đối của chúng là − | [medium] Cho hai số thập phân x = -15,24 và y = 0,001. Khẳng định nào sau đây là đúng? | [easy] Trong các khẳng định sau, khẳng định nào luôn đúng với mọi số thập phân âm a?"
T2_LOW,6,G6-MATH-TIA-DOI-NHAU,Tia đối nhau,B32K2,4,4,0,4,0,0,3,0,3,6,G6-MATH-TIA (Tia) | G6-MATH-DIEM-NAM-GIUA (Điểm nằm giữa hai điểm ),G6-MATH-GOC-BET (Góc bẹt) | G7-MATH-NHAN-BIET-HAI (Nhận biết hai góc kề bù ) | G7-MATH-NHAN-BIET-HAI-1 (Nhận biết hai và tính số đo hai góc đối đỉnh ),"[medium] Cho ba điểm A, B, C thẳng hàng theo thứ tự đó. Cặp tia nào sau đây là hai tia đối nhau? | [medium] Cho ba điểm A, B, C thẳng hàng theo thứ tự đó. Cặp tia nào sau đây là cặp tia đối nhau? | [medium] Khẳng định nào sau đây mô tả đầy đủ và chính xác nhất về hai tia đối nhau? | [medium] Khẳng định nào sau đây là đúng nhất về định nghĩa hai tia đối nhau?"
T2_LOW,6,G6-MATH-TIM-UCLN,Tìm ƯCLN,B11K1,4,3,1,3,0,0,2,0,4,6,G9-MATH-NHAN-BIET-UOC (Nhận Biết ước chung và ƯCLN) | G6-MATH-PHAN-TICH-RA (Phân tích ra thừa số nguyên tố),G6-MATH-RUT-GON-VE (Rút gọn về phân số tối giản),"[medium] Cho hai số tự nhiên đã được phân tích ra thừa số nguyên tố: a = 2³ · 3² · 5 và b = 2² · 3³ | [medium] Để tìm tập hợp các ước chung của hai số a và b, một học sinh đã thực hiện các bước sau:
Bư | [medium] Khẳng định nào sau đây mô tả đúng nhất về mối quan hệ giữa Ước chung (ƯC) và Ước chung lớn | [easy] Nếu số tự nhiên a chia hết cho số tự nhiên x và số tự nhiên b cũng chia hết cho số tự nhiê"
T2_LOW,6,G9-MATH-NHAN-BIET-SO,Nhận biết số chính phương,B6K1,4,2,2,2,0,0,1,0,5,6,"G6-MATH-TINH-GIA-TRI (Tính giá trị luỹ thừa) | G9-MATH-NHAN-BIET-BINH (Nhận biết bình phương, lập phương,)",(none),"[medium] Một số tự nhiên n được gọi là số chính phương nếu nó thỏa mãn điều kiện nào sau đây? | [medium] Trong các số sau đây: 0, 1, 2, 4, 8, 9, 16, số nào KHÔNG phải là số chính phương? | [easy] Kết quả của phép tính nào sau đây tạo ra một số chính phương? | [easy] Cho số m = 3². Tên gọi đúng nhất của m trong các phương án sau là:"
T2_LOW,6,G9-MATH-NHAN-BIET-UOC,Nhận Biết ước chung và ƯCLN,B11K1,4,2,2,2,0,0,1,0,5,6,G6-MATH-XAC-DINH-UOC (Xác định ước và bội trong phép chia hết ),G6-MATH-TIM-UCLN (Tìm ƯCLN),"[medium] Cho hai số tự nhiên a và b đều chia hết cho số tự nhiên x. Khẳng định nào sau đây là đúng  | [easy] Nếu số tự nhiên k thuộc vào tập hợp ƯC(36, 48) thì khẳng định nào sau đây bắt buộc phải đú | [easy] Trong các khẳng định sau về số 1, khẳng định nào đúng khi nói về ước chung? | [medium] Gọi tập hợp các ước chung của hai số tự nhiên m và n là ƯC(m, n) và ước chung lớn nhất của"
T2_LOW,7,G6-MATH-NHAN-HAI-SO,Nhân hai số nguyên khác dấu ,B16K1,3,2,1,2,0,0,2,0,5,7,"G6-MATH-NHAN-BIET-DOC (Nhận biết, đọc và viết số nguyên âm)",G6-MATH-NHAN-BIET-HAI (Kiểm tra hai phân số bằng nhau bằng điều kiện nhân chéo -  a·d = b·c) | G6-MATH-TINH-CHAT-CO (Áp dụng tính chất cơ bản của phân số bằng cách nhân hoặc chia cả tử và mẫu với cùng một số nguyên khác 0) | G6-MATH-NHAN-HAI-PHAN (Nhân hai phân số ) | G9-MATH-NHAN-BIET-MO (Nhận biết mở rộng mối quan hệ chia hết sang số nguyên âm),"[medium] Cho m và n là hai số tự nhiên khác 0. Theo quy tắc nhân hai số nguyên khác dấu, công thức  | [medium] Khi nhân một số nguyên âm với một số nguyên dương, nhận định nào sau đây về dấu của kết qu | [easy] Để thực hiện phép tính (-18) · 5, bước đầu tiên theo quy tắc nhân hai số nguyên khác dấu l"
T2_LOW,7,G6-MATH-SO-SANH-HAI-1,So sánh hai phân số khác mẫu bằng cách quy đồng mẫu,B24K2,3,2,1,2,0,0,2,0,5,7,G6-MATH-QUY-DONG-MAU (Quy đồng mẫu các phân số có tử/mẫu nguyên bằng cách đưa về các phân số bằng nhau cùng mẫu dương) | G6-MATH-SO-SANH-HAI (So sánh hai phân số cùng mẫu ),(none),"[medium] Để so sánh hai phân số không cùng mẫu, bước quan trọng nhất trong quy trình được nêu trong | [medium] Sau khi đưa hai phân số về cùng một mẫu số dương là M, để biết phân số nào lớn hơn, ta thự | [easy] Khi thực hiện bước đầu tiên để so sánh hai phân số 3/(-5) và (-2)/7, thao tác nào sau đây "
T2_LOW,7,G6-MATH-TU-CHO-SO,Trừ hai số nguyên,B14K1,3,3,0,3,0,0,3,0,4,7,G6-MATH-NHAN-BIET-SO-1 (Xác định số đối của một số nguyên),G6-MATH-TRU-HAI-PHAN (Trừ hai phân số cùng mẫu),"[medium] Theo quy tắc trừ hai số nguyên, để trừ số nguyên a cho số nguyên b, ta thực hiện như thế n | [medium] Khẳng định nào sau đây mô tả đúng quy tắc chuyển đổi từ một phép trừ hai số nguyên sang ph | [medium] Phát biểu nào sau đây phản ánh đúng quy tắc trừ số nguyên a cho số nguyên b?"
T2_LOW,7,G9-MATH-CONG-HAI-SO,Cộng hai số nguyên khác dấu ,B14K1,3,3,0,3,0,0,3,0,4,7,"G6-MATH-NHAN-BIET-DOC (Nhận biết, đọc và viết số nguyên âm)",G6-MATH-CONG-HAI-PHAN (Cộng hai phân số cùng mẫu ) | G6-MATH-CONG-TRU-SO (Cộng trừ số thập phân có dấu ),"[medium] Trên trục số, điểm x và điểm y nằm về hai phía của gốc O và có cùng khoảng cách đến gốc O. | [medium] [is_diagnostic_anchor = TRUE]
Cho số nguyên dương a và số nguyên âm b. Biết rằng phần số t | [medium] Cho số nguyên dương m và số nguyên âm n. Biết rằng phần số tự nhiên của m lớn hơn phần số "
T2_LOW,7,G9-MATH-MO-TA-CAC,"Mô tả các yếu tố cơ bản , góc (độ), độ dài cạnh của các hình chữ nhật",B19K1,3,2,1,2,0,0,2,0,5,7,(none),G6-MATH-VE-HINH-CHU (Vẽ hình chữ nhật ),"[medium] Cho hình chữ nhật ABCD có hai đường chéo cắt nhau tại O. Khẳng định nào sau đây mô tả đúng | [medium] Trong hình chữ nhật MNPQ, khẳng định nào sau đây về các góc của hình là chính xác? | [easy] Để kiểm tra một tứ giác có phải là hình chữ nhật hay không, một bạn học sinh đo bốn góc củ"
T2_LOW,7,G9-MATH-NHAN-BIET-GOC,"Nhận biết góc - đỉnh, cạnh, ký hiệu",B36K2,3,2,1,2,0,0,2,0,5,7,G6-MATH-TIA (Tia),"G6-MATH-DO-GOC-BANG (Nhận biết số đo góc và đo góc bằng thước đo góc) | G7-MATH-SO-SANH-HAI-1 (So sánh hai góc khi biết hai cạnh ) | G7-MATH-SO-SANH-HAI-2 (So sánh hai cạnh khi biết hai góc ) | G6-MATH-GOC-BET (Góc bẹt) | G6-MATH-DIEM-TRONG-CUA (Điểm trong của một góc ) | G7-MATH-NHAN-BIET-GOC (Nhận biết góc so le trong, góc đồng vị ) | G7-MATH-TINH-SO-DO-1 (Tính số đo góc trong tam giác dựa vào định lí tổng ba góc =180)","[medium] Một góc có đỉnh là điểm O và hai cạnh là hai tia Ox, Oy. Cách gọi tên nào sau đây là SAI k | [medium] Cho góc được kí hiệu là ∠mAn. Khẳng định nào sau đây mô tả đúng và đầy đủ nhất về các thàn | [easy] Trong hình học, một góc được định nghĩa là hình gồm:"
T2_LOW,7,G9-MATH-THUC-HIEN-PHEP,Thực hiện phép chia hết hai số nguyên - xác định đúng dấu của thương,B17K1,3,2,1,2,0,0,2,0,5,7,"G6-MATH-PHAN-BIET-PHEP (Phân biệt phép chia hết và phép chia có dư, tìm đúng thương và số dư.) | G6-MATH-NHAN-BIET-DOC (Nhận biết, đọc và viết số nguyên âm)",G9-MATH-NHAN-BIET-MO (Nhận biết mở rộng mối quan hệ chia hết sang số nguyên âm) | G6-MATH-CHIA-SO-THAP (Chia số thập phân có dấu) | G6-MATH-TINH-CHAT-CO (Áp dụng tính chất cơ bản của phân số bằng cách nhân hoặc chia cả tử và mẫu với cùng một số nguyên khác 0),"[medium] Cho hai số nguyên m và n đều khác 0. Nếu m và n là hai số nguyên cùng dấu thì thương của p | [medium] Biết rằng x : y = z (với y ≠ 0). Trong các trường hợp sau, trường hợp nào khẳng định về dấ | [easy] Theo định nghĩa về phép chia hết trong tập hợp số nguyên ℤ, cho a và b là hai số nguyên vớ"
T2_LOW,7,G9-MATH-TIM-VA-XAC,Tìm và xác định trục đối xứng của vật thể,B21K1,3,2,1,2,0,0,2,0,5,7,G6-MATH-NHAN-BIET-HINH-1 (Nhận biết hình có trục đối xứng),(none),"[medium] Đường thẳng d được gọi là trục đối xứng của hình H nếu: | [medium] Trong các phát biểu sau đây về trục đối xứng của các hình phẳng, phát biểu nào ĐÚNG? | [easy] Để cắt được chữ cái T bằng phương pháp gấp giấy (như hướng dẫn trong SGK), ta nên gấp tờ g"
T2_LOW,8,G6-MATH-QUY-DONG-PHAN,Quy đồng mẫu các phân số,B12K1,2,2,0,2,0,0,3,0,5,8,G6-MATH-TIM-BCNN (Tìm BCNN),(none),"[medium] Khi thực hiện quy đồng mẫu hai phân số a/b và c/d (với b, d là các số tự nhiên khác 0), mẫ | [medium] Trong quy trình quy đồng mẫu số, sau khi đã tìm được mẫu chung (MC), để tìm ""thừa số phụ"" "
T2_LOW,8,G6-MATH-TIM-BCNN,Tìm BCNN,B12K1,2,2,0,2,0,0,3,0,5,8,G6-MATH-PHAN-TICH-RA (Phân tích ra thừa số nguyên tố) | G6-MATH-NHAN-BIET-BOI (Nhận biết bội chung và BCNN),G6-MATH-QUY-DONG-PHAN (Quy đồng mẫu các phân số),"[medium] Cho hai số m = 2³ · 3 · 5 và n = 2² · 3² · 7. Biểu thức nào sau đây mô tả đúng cách lập BC | [medium] Kí hiệu x = BCNN(a, b). Khẳng định nào sau đây mô tả đúng về mối quan hệ giữa tập hợp bội "
T2_LOW,8,G6-MATH-TIM-MOT-SO,Tìm một số biết giá trị phần trăm,B31K2,2,2,0,2,0,0,3,0,5,8,G6-MATH-B31K2 (Tính tỉ số của hai số và viết dưới dạng tỉ số phần trăm),(none),"[medium] Biết m% của số x bằng b (với m, b là các số dương). Công thức đúng để tìm giá trị của x là | [medium] Một cửa hàng thông báo: ""Giảm giá 15% cho tất cả mặt hàng"". Biết rằng một cuốn sách được g"
T2_LOW,8,G6-MATH-UOC-LUONG-KET,Ước lượng kết quả phép tính với số thập phân,B30K2,2,2,0,2,0,0,3,0,5,8,G6-MATH-LAM-TRON-SO (Làm tròn số thập phân có dấu đến hàng cho trước),(none),"[medium] Để ước lượng kết quả của phép tính 6,14 × 7,8 bằng cách làm tròn các thừa số đến hàng đơn  | [medium] Một người muốn ước lượng nhanh số tiền mua 3,9 kg táo với giá 51,2 nghìn đồng/kg. Phép tín"
T2_LOW,9,G6-MATH-TRU-HAI-PHAN,Trừ hai phân số cùng mẫu,B25K2,1,1,0,1,0,1,3,1,4,9,"G9-MATH-NHAN-BIET-PHAN (Nhận biết phân số có tử và mẫu là số nguyên, mẫu khác 0) | G6-MATH-TU-CHO-SO (Trừ hai số nguyên)",G6-MAMATMATHMAT (Trừ hai phân số khác mẫu),"[medium] Cho hai phân số a/m và b/m (với m ≠ 0). Theo quy tắc trừ hai phân số cùng mẫu số, khẳng đị"
T2_LOW,9,G9-MATH-SO-SANH-HAI-1,Biểu diễn số nguyên trên trục số và so sánh hai số nguyên,B13K1,1,1,0,1,0,1,3,1,4,9,"G6-MATH-NHAN-BIET-DOC (Nhận biết, đọc và viết số nguyên âm)",G6-MATH-SO-SANH-HAI (So sánh hai phân số cùng mẫu ) | G6-MATH-SO-SANH-HAI-2 (So sánh hai số thập phân),"[medium] [is_diagnostic_anchor = TRUE]
Trong các khẳng định sau đây về tập hợp số nguyên Z và biểu "
T2_MID,4,G6-MATH-B31K2,Tính tỉ số của hai số và viết dưới dạng tỉ số phần trăm,B31K2,6,2,2,2,2,0,1,0,3,4,G6-MATH-CHIA-HAI-PHAN (Chia hai phân số ),G6-MATH-TIM-MOT-SO (Tìm một số biết giá trị phần trăm) | G7-MATH-DOC-TI-LE (Đọc tỉ lệ và so sánh các phần từ biểu đồ quạt tròn) | G6-MATH-TIM-GIA-TRI-1 (Tìm giá trị phần trăm của một số),"[medium] Khi tính tỉ số của hai đại lượng: ""Khối lượng m₁ = 2 kg"" và ""Khối lượng m₂ = 800 g"", thao  | [medium] Để tính tỉ số phần trăm của số a so với số b (b ≠ 0), biểu thức nào sau đây thể hiện đúng  | [hard] Một học sinh giải bài toán: ""Tìm một số biết 20% của số đó bằng 40"" bằng cách thực hiện ph | [easy] Trong các biểu thức sau, biểu thức nào dùng để tìm giá trị x, biết rằng x chiếm m% của số  | [easy] Theo định nghĩa về tỉ số, tỉ số của hai số a và b (kí hiệu a : b hoặc a/b) chỉ có nghĩa kh | [hard] Gọi P là tỉ số phần trăm của số a so với số b (a, b > 0). Nếu ta giữ nguyên giá trị của a "
T2_MID,4,G6-MATH-BA-DIEM-THANG,Ba điểm thẳng hàng,B32K2,6,2,2,2,2,0,1,0,3,4,G6-MATH-NHAN-BIET-DIEM (Nhận biết điểm thuộc/không thuộc đường thẳng ),G6-MATH-DIEM-NAM-GIUA (Điểm nằm giữa hai điểm ),"[medium] Cho đường thẳng d đi qua hai điểm phân biệt M và N. Nếu một điểm P thuộc đường thẳng d (P  | [easy] Để kí hiệu ""Điểm A không thuộc đường thẳng m"", cách viết nào sau đây là đúng quy tắc toán  | [easy] Có bao nhiêu đường thẳng đi qua hai điểm phân biệt cho trước? | [hard] Cho bốn điểm phân biệt A, B, C, D. Biết rằng ba điểm A, B, C thẳng hàng và ba điểm B, C, D | [hard] Xét phát biểu của một học sinh: ""Nếu ba điểm A, B, C thẳng hàng, thì đường thẳng AB và đườ | [medium] Cho ba điểm phân biệt A, B, C. Theo định nghĩa trong sách giáo khoa, ba điểm này được gọi "
T2_MID,4,G6-MATH-BIEU-DIEN-TAP,Biểu diễn tập hợp - Chỉ ra tính chất đặc trưng,B1K1,6,1,0,0,0,1,3,2,3,4,G6-MATH-NHAN-BIET-PHAN (Nhận biết phần tử thuộc hoặc không thuộc tập hợp),(none),"[None] Tập hợp A = {2; 4; 6; 8; 10} được biểu diễn đúng bằng tính chất đặc trưng là: | [None] Viết tập hợp sau bằng cách chỉ ra tính chất đặc trưng: B = {1; 4; 9; 16; 25} | [None] Bạn Minh viết: E = {x ∈ ℕ | x là ước của 12}. Bạn Lan viết: E = {x ∈ ℕ | 12 chia hết cho x | [None] Tập hợp C = {x ∈ ℕ | x là bội của 3 và x ≤ 15} khi liệt kê ra là: | [None] Cách biểu diễn nào sau đây đúng cú pháp cho tập hợp các số tự nhiên nhỏ hơn 6? | [None] Trong các cách biểu diễn sau cho tập hợp D = {0; 1; 2; 3; 4; 5; 6; 7; 8; 9}, cách nào đúng"
T2_MID,4,G6-MATH-CLAUDE-SUGGEST-TAP,Nhận biết tập hợp rỗng và sử dụng ký hiệu ∅,B1K1,6,1,0,0,0,1,3,2,3,4,G6-MATH-NHAN-BIET-PHAN (Nhận biết phần tử thuộc hoặc không thuộc tập hợp),(none),"[None] Khẳng định nào sau đây SAI? | [None] Xét tập hợp A = {x ∈ ℕ | x < 5 và x > 8}. Tập hợp A có bao nhiêu phần tử? Vì sao? | [None] Bạn An nói: ""Tập hợp {∅} và tập hợp ∅ là giống nhau."" Bạn Bình nói: ""Tập hợp các số tự nhi | [None] Tập hợp nào sau đây là tập hợp rỗng? | [None] Tập hợp nào sau đây là tập hợp rỗng? | [None] Tập hợp rỗng được ký hiệu là:"
T2_MID,4,G6-MATH-CONG-HAI-PHAN,Cộng hai phân số cùng mẫu ,B25K2,6,2,2,2,2,0,1,0,3,4,"G9-MATH-CONG-HAI-SO (Cộng hai số nguyên khác dấu ) | G6-MATH-CONG-HAI-SO (Cộng hai số nguyên âm) | G9-MATH-NHAN-BIET-PHAN (Nhận biết phân số có tử và mẫu là số nguyên, mẫu khác 0)",G6-MATH-CONG-HAI-PHAN-1 (Cộng hai phân số khác mẫu bằng cách quy đồng mẫu),"[medium] Cho hai phân số có cùng mẫu số là x/m và y/m (với m ≠ 0). Theo quy tắc cộng hai phân số cù | [medium] Để thực hiện phép tính (-5)/13 + 8/13, bước biến đổi trung gian nào sau đây phản ánh đúng  | [hard] Một bạn học sinh giải bài toán tính tổng S = (-11)/24 + 7/24 như sau:
Bước 1: S = (-11 + 7 | [easy] Phát biểu nào sau đây là đúng về quy tắc cộng hai phân số có cùng mẫu số? | [easy] Trong các phép tính sau, phép tính nào là cộng hai phân số cùng mẫu số? | [hard] Cho biểu thức tổng quát: M = a/n + b/n + c/n (với n là số nguyên khác 0). Nếu biết rằng tổ"
T2_MID,4,G6-MATH-CONG-HAI-PHAN-1,Cộng hai phân số khác mẫu bằng cách quy đồng mẫu,B25K2,6,3,1,3,2,0,2,0,2,4,G6-MATH-QUY-DONG-MAU (Quy đồng mẫu các phân số có tử/mẫu nguyên bằng cách đưa về các phân số bằng nhau cùng mẫu dương) | G6-MATH-CONG-HAI-PHAN (Cộng hai phân số cùng mẫu ),(none),"[medium] Cho hai phân số a/b và c/d (với b, d là các số nguyên dương và b ≠ d). Nếu ta chọn mẫu số  | [medium] Để thực hiện phép cộng hai phân số không cùng mẫu số, quy trình chuẩn xác nhất học sinh cầ | [hard] Một học sinh giải bài toán tính tổng S = x/m + y/n (với m, n là các số nguyên dương khác n | [hard] Một bạn làm như sau:

1/2 + 1/3 = 2/6 + 1/6 = 3/6

Bạn đó sai đầu tiên ở đâu? | [easy] Để cộng 1/4 và 1/6, có thể quy đồng hai phân số thành: | [medium] Sau khi quy đồng 1/2 và 1/3 về cùng mẫu số 6, phép cộng đúng là:"
T2_MID,4,G6-MATH-CONG-HAI-SO,Cộng hai số nguyên âm,B14K1,6,2,2,2,2,0,1,0,3,4,"G6-MATH-NHAN-BIET-DOC (Nhận biết, đọc và viết số nguyên âm)",G6-MATH-CONG-HAI-PHAN (Cộng hai phân số cùng mẫu ),"[medium] Cho hai số nguyên âm là -a và -b (với a, b là các số nguyên dương). Quy trình đúng để tìm  | [medium] Trong các phát biểu sau, phát biểu nào mô tả chính xác nhất về kết quả của phép cộng hai s | [easy] Để thực hiện phép tính (-12) + (-15), bước đầu tiên học sinh thực hiện cộng hai ""phần số t | [easy] Điền vào chỗ trống để hoàn thành quy tắc: ""Muốn cộng hai số nguyên âm, ta cộng hai phần số | [hard] Một học sinh giải bài toán tính tổng hai số nguyên âm như sau:
Bước 1: Xác định phần số tự | [hard] Cho x và y là hai số nguyên âm tùy ý. So sánh tổng S = x + y với mỗi số hạng x và y. Khẳng"
T2_MID,4,G6-MATH-CONG-TRU-SO,Cộng trừ số thập phân có dấu ,B29K2,6,2,2,2,2,0,1,0,3,4,G9-MATH-CONG-HAI-SO (Cộng hai số nguyên khác dấu ) | G6-MATH-NHAN-BIET-VA (Nhận biết và đọc/viết số thập phân âm),(none),"[easy] Khi thực hiện phép cộng hai số thập phân khác dấu: (−7,5) + 4,2. Bước đầu tiên học sinh cầ | [medium] Cho a và b là hai số thập phân dương. Theo quy tắc cộng hai số thập phân âm, khẳng định nà | [medium] Để thực hiện phép trừ một số thập phân cho một số thập phân khác, ví dụ x − y, quy tắc nào | [easy] Trong các cặp số thập phân sau đây, cặp số nào được gọi là hai số đối nhau? | [hard] Một học sinh giải bài toán tính giá trị biểu thức A = −(3,25 − 5,7) như sau:
Bước 1: A = − | [hard] Cho x và y là hai số thập phân thỏa mãn x < 0 và y > 0. Biết rằng |x| < |y|. Biểu thức nào"
T2_MID,4,G6-MATH-DAU-HIEU-CHIA,Dấu hiệu chia hết cho 2 ,B9K1,6,1,0,0,0,1,3,2,3,4,"G6-MATH-PHAN-BIET-PHEP (Phân biệt phép chia hết và phép chia có dư, tìm đúng thương và số dư.)",(none),"[None] Số nào sau đây chia hết cho 2? | [None] Số 33 có chia hết cho 2 không? | [None] Số 4□8 (trong đó □ là một chữ số bất kỳ từ 0 đến 9). Số này có chia hết cho 2 không, dù □  | [None] Trong danh sách sau, hãy gạch chân các số KHÔNG chia hết cho 2: 120 135 240 333 400 501 | [None] Trong các số 10, 20, 35, 50, 70, có bao nhiêu số chia hết cho 2? | [None] Bạn Minh nói: ""Số 330 không chia hết cho 2 vì 3 + 3 + 0 = 6, mà 6 = 2 × 3, nên 330 chia hế"
T2_MID,4,G6-MATH-DAU-HIEU-CHIA-1,Dấu hiệu chia hết cho 9 ,B9K1,6,1,0,0,0,1,3,2,3,4,"G6-MATH-PHAN-BIET-PHEP (Phân biệt phép chia hết và phép chia có dư, tìm đúng thương và số dư.)",(none),"[None] Số nào sau đây chia hết cho 9? | [None] Số 12 chia hết cho 3. Vậy 12 có chia hết cho 9 không? | [None] Tìm tất cả chữ số x (0 ≤ x ≤ 9) để số 5x4 chia hết cho 9. | [None] Trong các số 18, 24, 27, 36, 45, những số nào chia hết cho 9? | [None] Số 45 có chia hết cho 3 không, cho 9 không? | [None] Số 36 có chia hết cho 9 không?"
T2_MID,4,G6-MATH-GOC-BET,Góc bẹt,B36K2,6,2,2,2,2,0,1,0,3,4,"G9-MATH-NHAN-BIET-GOC (Nhận biết góc - đỉnh, cạnh, ký hiệu) | G6-MATH-TIA-DOI-NHAU (Tia đối nhau) | G6-MATH-B37K2 (Nhận biết góc đặc biệt )",(none),"[medium] Khẳng định nào sau đây mô tả đúng nhất về cấu tạo của góc bẹt xOy? | [medium] Cho ba điểm A, O, B thẳng hàng theo thứ tự đó. Kí hiệu nào sau đây biểu diễn góc bẹt đỉnh  | [easy] Trong các hình ảnh thực tế sau, hình ảnh nào gợi ý chính xác nhất về một góc bẹt? | [easy] Cho góc bẹt mOn. Điểm O được gọi là gì của góc? | [hard] Bạn Bình phát biểu: ""Nếu hai tia Ox và Oy cùng nằm trên một đường thẳng thì góc xOy chắc c | [hard] Cho đường thẳng xy và một điểm O nằm trên đường thẳng đó. Lấy điểm A thuộc tia Ox và điểm "
T2_MID,4,G6-MATH-KI-HIEU-NHO,Nhận biết và sử dụng đúng ký hiệu ≤ và ≥ trong so sánh,B3K1,6,1,0,0,0,1,3,2,3,4,G9-MATH-SO-SANH-HAI (So sánh hai số tự nhiên và biểu diễn trên trục số ),G6-MATH-NHAN-BIET-DIEU (Nhận biết điều kiện phép trừ thực hiện được trong N),"[None] Bạn Minh nói: ""5 ≤ 5 là sai vì 5 = 5, không phải 5 < 5."" Đúng hay sai? | [None] Điền ký hiệu vào chỗ trống: 12 ___ 12 (chọn ≤ hoặc ≥) | [None] Điền ≤ hoặc ≥ thích hợp vào mỗi chỗ trống: (a) 15 ___ 20 (b) 30 ___ 30 (c) 100 ___ 99 (d)  | [None] Có bao nhiêu số tự nhiên x thỏa mãn 5 ≤ x ≤ 8? | [None] Khẳng định nào sau đây đúng khi so sánh 8 và 3? | [None] Số tự nhiên x thỏa mãn đồng thời x ≥ 3 và x ≤ 10. Tập hợp tất cả các giá trị x là:"
T2_MID,4,G6-MATH-LAP-BIEU-DO,Lập biểu đồ tranh từ bảng thống kê,B39K2,6,2,2,2,2,0,1,0,3,4,G6-MATH-DOC-VA-PHAN (Đọc và phân tích dữ liệu từ bảng thống kê ),(none),"[easy] Trong chú giải của một biểu đồ tranh, nếu một biểu tượng hình tròn ⬤ đại diện cho 10 chiếc | [medium] Trong một biểu đồ tranh, nếu mỗi biểu tượng ☺ đại diện cho 5 học sinh yêu thích môn Toán,  | [medium] Khi lập biểu đồ tranh từ một bảng thống kê có các số liệu là 10, 20, 35, 50, yếu tố nào sa | [hard] Học sinh An muốn lập biểu đồ tranh cho bảng thống kê số lượng sách mượn tại thư viện của 4 | [hard] Giả sử bạn đang có một biểu đồ tranh hoàn thiện. Nếu bạn thay đổi quy định chú giải từ ""Mỗ | [easy] Một biểu đồ tranh biểu diễn số lượng hoa bán được trong ngày. Nếu cột ""Hoa Hồng"" có 3 biểu"
T2_MID,4,G6-MATH-LIET-KE-KET,Liệt kê kết quả có thể của thí nghiệm ghép ,B42K2,6,2,2,2,2,0,1,0,3,4,"G6-MATH-LIET-KE-TAT (Liệt kê tất cả kết quả có thể của trò chơi, thí nghiệm đơn giản)",(none),"[medium] Trong trò chơi ""Gieo đồng xu và Quay vòng quay số"", đồng xu có hai mặt {S, N} và vòng quay | [medium] Bạn thực hiện một thí nghiệm ghép gồm hai bước: Bước 1 chọn một chữ cái từ tập hợp {M, N}, | [easy] Thí nghiệm ghép được hiểu là một hoạt động: | [hard] Giả sử hành động thứ nhất có m kết quả có thể {a₁, a₂, ..., aₘ} và hành động thứ hai có n  | [easy] Một túi đựng 2 quả bóng {Xanh, Đỏ}. Bạn lấy ra một quả bóng, ghi lại màu, rồi lấy tiếp một | [hard] Học sinh An liệt kê các kết quả có thể của thí nghiệm: ""Quay một vòng quay có 2 màu {Tím, "
T2_MID,4,G6-MATH-LIET-KE-TAT,"Liệt kê tất cả kết quả có thể của trò chơi, thí nghiệm đơn giản",B42K2,6,2,2,2,2,0,1,0,3,4,(none),G6-MATH-LIET-KE-KET (Liệt kê kết quả có thể của thí nghiệm ghép ) | G7-MATH-TINH-XAC-SUAT (Tính xác suất trong không gian mẫu đồng khả năng),"[medium] Gieo một con xúc xắc sáu mặt cân đối một lần và quan sát số chấm xuất hiện trên mặt trên c | [easy] Một túi kín chứa 3 quả bóng màu Đỏ và 2 quả bóng màu Xanh (có cùng kích thước). Bạn lấy ng | [hard] Một hộp chứa các thẻ được ghi các chữ cái khác nhau là x, y, z. Bạn Bình lấy ra một thẻ, g | [medium] Trong trò chơi Oẳn tù tì, hai người chơi cùng đưa ra một trong ba lựa chọn. Nếu chỉ xét cá | [easy] Khi thực hiện một trò chơi hoặc thí nghiệm, ""kết quả có thể"" được hiểu chính xác là: | [hard] Xét thí nghiệm gieo một đồng xu có hai mặt Sấp (S) và Ngửa (N). Học sinh An phát biểu: ""Mỗ"
T2_MID,4,G6-MATH-MO-TA-CAC,Mô tả các tính chất của tam giác đều,B18K1,6,2,2,2,2,0,1,0,3,4,(none),G6-MATH-NHAN-BIET-TAM (Nhận biết tam giác đều ),"[hard] Bạn Lan thực hiện vẽ tam giác đều MNP bằng các bước: (1) Vẽ đoạn thẳng MN; (2) Vẽ góc NMx  | [easy] Để vẽ tam giác đều ABC cạnh 3 cm bằng thước thẳng và ê ke 60°, sau khi vẽ đoạn thẳng AB =  | [hard] Xét hai khẳng định sau:
(I) Mọi tam giác đều có độ dài ba cạnh bằng nhau.
(II) Mọi hình có | [medium] Trong các phát biểu sau đây về hình tam giác đều, phát biểu nào là SAI? | [easy] Hình tam giác đều có bao nhiêu góc bằng nhau và số đo mỗi góc đó là bao nhiêu độ? | [medium] Cho tam giác ABC là một tam giác đều. Khẳng định nào sau đây mô tả đầy đủ và chính xác nhấ"
T2_MID,4,G6-MATH-NHAN-BIET-BOI,Nhận biết bội chung và BCNN,B12K1,6,2,1,3,2,0,2,0,2,4,G6-MATH-XAC-DINH-UOC (Xác định ước và bội trong phép chia hết ),G6-MATH-TIM-BCNN (Tìm BCNN),"[easy] Để tìm BCNN của hai số a và b (lớn hơn 1) đã được phân tích ra thừa số nguyên tố, ta thực  | [medium] Trong các khẳng định sau về Bội chung nhỏ nhất (BCNN), khẳng định nào là SAI? | [medium] Cho ba số tự nhiên a, b, c khác 0. Theo định nghĩa, số tự nhiên x được gọi là bội chung củ | [medium] Ký hiệu BCNN(a, b) là bội chung nhỏ nhất của hai số tự nhiên a và b khác 0. Phát biểu nào  | [hard] Cho hai số tự nhiên m và n có dạng phân tích thừa số nguyên tố là: m = 2³ · 3² · 5¹ và n = | [hard] Một học sinh khi tìm BCNN của hai số a và b đã thực hiện các bước sau:
Bước 1: Phân tích a"
T2_MID,4,G6-MATH-NHAN-BIET-DIEU,Nhận biết điều kiện phép trừ thực hiện được trong N,B4K1,6,1,1,5,0,1,2,0,3,4,G6-MATH-KI-HIEU-NHO (Nhận biết và sử dụng đúng ký hiệu ≤ và ≥ trong so sánh),(none),"[easy] Không cần đặt tính, em hãy cho biết phép tính nào sau đây KHÔNG thực hiện được trong tập h | [medium] Sách giáo khoa có viết: ""Nếu có số tự nhiên c sao cho a = b + c thì ta có phép trừ a - b = | [medium] Để phép trừ hai số tự nhiên a - b thực hiện được trong tập hợp số tự nhiên ℕ, điều kiện bắ | [medium] Cho phép tính: x - 2026. Để phép tính này thực hiện được trong tập hợp số tự nhiên ℕ, giá  | [medium] Quan sát tia số tự nhiên (bắt đầu từ mốc 0). Vì sao phép trừ 4 - 7 lại KHÔNG thực hiện đượ | [medium] Bạn Bình phát biểu: ""Trong tập hợp số tự nhiên, ta chỉ có thể lấy số lớn trừ đi số bé.""
Ph"
T2_MID,4,G6-MATH-NHAN-BIET-DU,"Nhận biết dữ liệu, phân biệt số liệu và dữ liệu không phải số liệu",B38K2,6,2,2,2,2,0,1,0,3,4,(none),G6-MATH-LAP-BANG-THONG (Lập bảng thống kê từ dữ liệu thô) | G7-MATH-PHAN-LOAI-DU (Phân loại dữ liệu số vs không phải số:) | G7-MATH-NHAN-BIET-DU (Nhận biết dữ liệu có tính đại diện hay không ) | G6-MATH-CHON-PHUONG-PHAP (Chọn phương pháp thu thập dữ liệu ),"[hard] Một học sinh lập bảng danh sách các bạn tổ 1 và ghi lại các thông tin: {Hùng; 12 tuổi; Cao | [easy] Để thu thập dữ liệu về ""Màu sắc yêu thích của các bạn trong lớp"", phương pháp nào sau đây  | [hard] Cho hai tập dữ liệu:
Tập X: {Số điện thoại của các giáo viên trong trường}
Tập Y: {Số học  | [medium] Trong các tập hợp thông tin sau, tập hợp nào chỉ bao gồm ""số liệu""? | [medium] Khi khảo sát về các loại phương tiện đến trường của học sinh lớp 6A, kết quả thu được là:  | [easy] Theo nội dung Sách giáo khoa, tất cả những thông tin thu thập được (như số đo chiều cao, m"
T2_MID,4,G6-MATH-NHAN-BIET-HON,Nhận biết hỗn số dương,B24K2,6,2,2,2,2,0,1,0,3,4,"G9-MATH-NHAN-BIET-PHAN (Nhận biết phân số có tử và mẫu là số nguyên, mẫu khác 0)",(none),"[medium] Số nào sau đây là một hỗn số dương? | [easy] 3/2 có thể viết dưới dạng hỗn số là: | [medium] Khẳng định nào đúng về hỗn số dương 2 3/5? | [hard] Một bạn nói: “2 5/4 là một hỗn số dương vì có một số nguyên và một phân số.”
Nhận xét nào  | [hard] Trong bốn cách viết sau, cách viết nào chắc chắn biểu diễn một hỗn số dương? | [easy] Trong các cách viết sau, cách viết nào có phần phân số nhỏ hơn 1?"
T2_MID,4,G6-MATH-NHAN-BIET-KY,"Nhận biết ký hiệu chia hết, không chia hết",B8K1,6,2,2,2,2,0,1,0,3,4,"G6-MATH-PHAN-BIET-PHEP (Phân biệt phép chia hết và phép chia có dư, tìm đúng thương và số dư.)",(none),"[medium] Ký hiệu toán học nào dưới đây biểu diễn đúng mệnh đề ""Số 24 chia hết cho số 6""? | [medium] Thay dấu ""?"" bằng ký hiệu thích hợp: 45 [ ? ] 10 | [easy] Bạn An viết đẳng thức: ""15 ⋮ 3 = 5"". Theo em, cách viết của bạn An là ĐÚNG hay SAI về mặt  | [hard] Biết x và y là các số tự nhiên (y ≠ 0) thỏa mãn đẳng thức: x = 12 · y.
Khẳng định nào sau  | [easy] Theo định nghĩa trong sách giáo khoa, nếu có số tự nhiên k sao cho a = k · b (với b ≠ 0) t | [hard] Trong các cách viết sau, cách viết nào bị SAI vì vi phạm điều kiện tồn tại của quan hệ chi"
T2_MID,4,G6-MATH-NHAN-BIET-MO,Nhận biết - Mở rộng ước và bội sang số nguyên âm,B17K1,6,2,2,3,1,0,1,0,3,4,G9-MATH-NHAN-BIET-MO (Nhận biết mở rộng mối quan hệ chia hết sang số nguyên âm),G6-MATH-TIM-UOC-VA (Tìm ước và bội số ),"[easy] Trong các số sau đây, số nào là ước của -5? | [easy] Nếu số nguyên x là bội của -3, thì x CŨNG BẮT BUỘC là bội của số nào sau đây? | [medium] Cho hai số nguyên a và b khác 0. Nếu tồn tại số nguyên q sao cho a = b · q thì khẳng định  | [medium] Gọi P là tập hợp các ước của số nguyên 10 và Q là tập hợp các ước của số nguyên -10. Khẳng | [medium] Khẳng định nào sau đây mô tả đúng tính chất về dấu của các ước của một số nguyên n khác 0? | [hard] Cho a, b, c là các số nguyên khác 0. Một học sinh phát biểu: ""Nếu a là ước của b, và b là "
T2_MID,4,G6-MATH-NHAN-BIET-PHAN,Nhận biết phần tử thuộc hoặc không thuộc tập hợp,B1K1,6,1,0,0,0,1,3,2,3,4,G6-MATH-NHAN-BIET-TAP (Nhận biết tập hợp và liệt kê tập hợp),G6-MATH-BIEU-DIEN-TAP (Biểu diễn tập hợp - Chỉ ra tính chất đặc trưng) | G6-MATH-CLAUDE-SUGGEST-TAP (Nhận biết tập hợp rỗng và sử dụng ký hiệu ∅),"[None] Cho B = {a; b; c; d; e}. Điền ký hiệu ∈ hoặc ∉ vào chỗ trống: a ___ B f ___ B c ___ B g __ | [None] Cho C = {2; 4; 6; 8}. Trong các cách viết dưới đây, cách viết nào SAI? | [None] Cho E là tập hợp các số tự nhiên x thỏa mãn 12 ÷ x là số tự nhiên (tức x là ước của 12). T | [None] Cho F = {x ∈ ℕ | x là số chẵn và x < 10}. Trong các khẳng định sau, có BAO NHIÊU khẳng địn | [None] Cho tập hợp A = {1; 3; 5; 7}. Khẳng định nào sau đây đúng? | [None] Cho tập hợp D gồm các số tự nhiên lẻ nhỏ hơn 10. Khẳng định nào sau đây đúng?"
T2_MID,4,G6-MATH-NHAN-BIET-SO,Nhận biết số nguyên tố và hợp số,B10K1,6,2,2,2,2,0,1,0,3,4,G6-MATH-XAC-DINH-UOC (Xác định ước và bội trong phép chia hết ),G6-MATH-PHAN-TICH-RA (Phân tích ra thừa số nguyên tố),"[medium] Một số tự nhiên n lớn hơn 1 được gọi là số nguyên tố khi và chỉ khi tập hợp các ước của nó | [medium] Trong các phát biểu sau đây về số 0, số 1 và các số tự nhiên lớn hơn 1, phát biểu nào là đ | [easy] Vì sao số 9 là một số tự nhiên lớn hơn 1 nhưng KHÔNG phải là số nguyên tố? | [easy] Một học sinh nhận định: ""Mọi hợp số đều phải là số chẵn"". Em hãy chỉ ra một ví dụ chứng mi | [hard] Cho p và q là hai số nguyên tố khác nhau. Gọi n = p · q. Khẳng định nào sau đây là đúng nh | [hard] Một học sinh thực hiện phân tích số 60 ra thừa số nguyên tố và viết kết quả như sau: 60 = "
T2_MID,4,G6-MATH-NHAN-BIET-SU,Nhận biết sự kiện xảy ra hay không dựa trên kết quả thực tế,B42K2,6,2,2,2,2,0,1,0,3,4,(none),G6-MATH-TINH-XAC-SUAT (Tính xác suất thực nghiệm k/n ) | G7-MATH-TINH-XAC-SUAT (Tính xác suất trong không gian mẫu đồng khả năng),"[hard] Học sinh Minh thực hiện gieo một đồng xu hai lần liên tiếp. Minh nói: ""Vì mặt Sấp là một k | [medium] Trong trò chơi Oẳn tù tì giữa hai người chơi Lan và Huệ. Kết quả thực tế là Lan ra Kéo, cò | [hard] Cho tập hợp S chứa các số tự nhiên {2, 4, 6, 8, 10}. Thực hiện chọn ngẫu nhiên một số x th | [medium] Gieo một con xúc xắc sáu mặt (từ 1 đến 6 chấm). Sau khi gieo, mặt có 5 chấm xuất hiện. Tro | [easy] Một túi kín đựng 3 quả bóng màu Đỏ và 1 quả bóng màu Xanh. Bạn lấy ra ngẫu nhiên 1 quả bón | [easy] Khi thực hiện một trò chơi hoặc thí nghiệm, một ""Sự kiện"" được phát biểu trước khi có kết "
T2_MID,4,G6-MATH-NHAN-XET-XAC,Nhận xét xác suất thực nghiệm ,B43K2,6,3,2,3,1,0,1,0,3,4,G6-MATH-TINH-XAC-SUAT (Tính xác suất thực nghiệm k/n ),(none),"[medium] Giả sử sau n lần thực hiện một trò chơi, sự kiện A xảy ra k lần. Công thức xác định xác su | [medium] Trong một thí nghiệm lặp lại n lần, nếu sự kiện A xảy ra k lần thì xác suất thực nghiệm củ | [hard] Bạn An và bạn Bình cùng tung một đồng xu cân đối 50 lần. An tính được xác suất thực nghiệm | [easy] Nếu một sự kiện KHÔNG BAO GIỜ xảy ra trong suốt quá trình thực hiện thí nghiệm, thì xác su | [medium] Khẳng định nào sau đây là ĐÚNG khi nói về giá trị của xác suất thực nghiệm? | [easy] Trong công thức tính xác suất thực nghiệm: ""Số lần sự kiện xảy ra / Tổng số lần thực hiện "
T2_MID,4,G6-MATH-PHAN-BIET-PHEP,"Phân biệt phép chia hết và phép chia có dư, tìm đúng thương và số dư.",B5K1,6,1,2,2,2,1,1,0,2,4,(none),"G6-MATH-TINH-CHAT-CHIA (Tính chất chia hết của một tổng TC1, TC2) | G6-MATH-XAC-DINH-UOC (Xác định ước và bội trong phép chia hết ) | G6-MATH-NHAN-BIET-KY (Nhận biết ký hiệu chia hết, không chia hết) | G9-MATH-THUC-HIEN-PHEP (Thực hiện phép chia hết hai số nguyên - xác định đúng dấu của thương) | G6-MATH-DAU-HIEU-CHIA (Dấu hiệu chia hết cho 2 ) | G9-MATH-DAU-HIEU-CHIA (Dấu hiệu chia hết cho 5) | G9-MATH-DAU-HIEU-CHIA-1 (Dấu hiệu chia hết cho 3) | G6-MATH-DAU-HIEU-CHIA-1 (Dấu hiệu chia hết cho 9 )","[medium] Trong phép chia số tự nhiên a cho số tự nhiên b (với b ≠ 0), ta luôn tìm được đúng hai số  | [easy] Bạn An viết đẳng thức sau: 85 = 9 × 8 + 13 và kết luận rằng: ""Khi chia 85 cho 9 thì được t | [hard] Để chở hết 487 cổ động viên của một đội bóng đi cổ vũ, người ta cần thuê các xe ô tô loại  | [easy] Trong các phép tính dưới đây, phép tính nào là PHÉP CHIA HẾT? | [hard] Một số tự nhiên x khi chia cho 9 thì có số dư là 8. Nếu lấy số x đó cộng thêm 1 rồi đem ch | [medium] Biết một số tự nhiên a được viết dưới dạng: a = 15 × 7 + 4.
Không cần tính cụ thể giá trị "
T2_MID,4,G6-MATH-TIM-GIA-TRI,Tìm giá trị phân số của một số,B27K2,6,4,2,4,0,0,1,0,3,4,G6-MATH-NHAN-HAI-PHAN (Nhân hai phân số ),(none),"[medium] Cho số thực a và phân số m/n (với m, n ∈ ℕ*). Biểu thức nào sau đây thể hiện đúng cách tìm | [medium] Một túi kẹo có tổng cộng x viên kẹo. Bạn Lan lấy ra 3/7 số kẹo trong túi đó. Biểu thức tín | [medium] Một mảnh vườn hình chữ nhật có diện tích là S. Người ta dùng a/b diện tích mảnh vườn để tr | [easy] Trong biểu thức tính giá trị phân số: T = 120 · (2/3), số 120 đóng vai trò gì trong quy tắ | [medium] Muốn tìm giá trị phân số m/n của một số a cho trước (với m, n ∈ ℕ, n ≠ 0), biểu thức nào s | [easy] Phát biểu nào sau đây là ĐÚNG về quy tắc tìm giá trị phân số của một số cho trước?"
T2_MID,4,G6-MATH-TIM-UOC-CUA,Tìm ước của một số ,B8K1,6,2,2,2,2,0,1,0,3,4,G6-MATH-XAC-DINH-UOC (Xác định ước và bội trong phép chia hết ),G6-MATH-TIM-UOC-VA (Tìm ước và bội số ),"[medium] Ký hiệu Ư(15) là tập hợp các ước của 15. Cách viết nào sau đây là đầy đủ và chính xác nhất | [easy] Trong các khẳng định sau về số 1 và số 0, khẳng định nào luôn đúng với mọi số tự nhiên n > | [easy] Để tìm các ước của số tự nhiên n (n > 1), quy trình thực hiện đúng là: | [hard] Một học sinh liệt kê tập hợp các ước của số 12 như sau: Ư(12) = {1; 2; 3; 4; 8; 12}. Bạn h | [hard] Cho n là một ước của số tự nhiên a và n cũng là một ước của số tự nhiên b. Khẳng định nào  | [medium] Cho ba số tự nhiên x, y, k đều khác 0. Nếu x = y · k thì khẳng định nào sau đây là đúng về"
T2_MID,4,G6-MATH-TINH-CHAT-CHIA,"Tính chất chia hết của một tổng TC1, TC2",B8K1,6,2,2,3,1,0,1,0,3,4,"G6-MATH-PHAN-BIET-PHEP (Phân biệt phép chia hết và phép chia có dư, tìm đúng thương và số dư.)",(none),"[medium] Cho ba số tự nhiên a, b và m (m ≠ 0). Biết rằng a ⋮ m và b ⋮ m. Theo tính chất chia hết củ | [medium] Cho a, b là các số tự nhiên và m ≠ 0. Nếu biết a ⋮ m và b ∤ m, khẳng định nào sau đây mô t | [easy] Theo định nghĩa về quan hệ chia hết, nếu số tự nhiên a chia hết cho số tự nhiên b (b ≠ 0)  | [easy] Biết rằng 12 ⋮ 3 và 15 ⋮ 3. Không thực hiện phép tính trừ, hãy cho biết hiệu (15 - 12) có  | [hard] Một học sinh phát biểu: ""Nếu tổng S = a + b chia hết cho m thì cả a và b bắt buộc phải cùn | [medium] Cho tổng T = a + b + c + d. Biết rằng a ⋮ m, b ⋮ m và c ⋮ m. Để tổng T KHÔNG chia hết cho "
T2_MID,4,G6-MATH-TINH-CHU-VI,Tính chu vi hình bình hành,B20K1,6,4,2,4,0,0,1,0,3,4,"G9-MATH-MO-TA-CAC-1 (Mô tả các yếu tố cơ bản , góc (độ), độ dài cạnh của hình bình hành)",(none),"[medium] Để tính chu vi của một hình bình hành MNPQ, một học sinh chỉ cần biết thông tin nào sau đâ | [medium] Cho hình bình hành có độ dài hai cạnh kề lần lượt là m và n. Công thức nào sau đây đại diệ | [medium] Cho hình bình hành có độ dài hai cạnh liên tiếp lần lượt là m và n. Công thức nào sau đây  | [medium] Trong các phát biểu sau đây về chu vi hình bình hành, phát biểu nào là ĐÚNG? | [easy] Nếu một hình bình hành có độ dài hai cạnh kề bằng nhau và cùng bằng x, thì công thức tính  | [easy] Bản chất của việc tính chu vi hình bình hành có các cạnh lần lượt là a, b, a, b là gì?"
T2_MID,4,G6-MATH-XAC-DINH-UOC,Xác định ước và bội trong phép chia hết ,B8K1,6,2,1,3,2,0,2,0,2,4,"G6-MATH-PHAN-BIET-PHEP (Phân biệt phép chia hết và phép chia có dư, tìm đúng thương và số dư.)",G6-MATH-TIM-UOC-CUA (Tìm ước của một số ) | G6-MATH-TIM-BOI-CUA (Tìm bội của một số ) | G6-MATH-NHAN-BIET-BOI (Nhận biết bội chung và BCNN) | G9-MATH-NHAN-BIET-UOC (Nhận Biết ước chung và ƯCLN) | G6-MATH-NHAN-BIET-SO (Nhận biết số nguyên tố và hợp số),"[hard] Bạn Tròn phát biểu: ""Mọi số tự nhiên khác 0 đều là ước của chính nó và là bội của chính nó | [medium] Trong phép chia hết 15 ⋮ 3, khẳng định nào dưới đây mô tả ĐÚNG quan hệ giữa hai số? | [medium] Theo kí hiệu toán học, Ư(a) và B(b) lần lượt dùng để chỉ điều gì? | [medium] Muốn tìm các bội của một số tự nhiên khác 0 (ví dụ số 8), ta thực hiện theo cách nào dưới  | [hard] Biết x, y, z là các số tự nhiên khác 0. Nếu x là bội của y, và y là bội của z, khẳng định  | [easy] Số nào dưới đây KHÔNG thuộc tập hợp các ước của 20?"
T2_MID,4,G6-MATH-XAC-DINH-VI-1,Xác định vị trí tâm đối xứng của các hình khác,B22K1,6,2,2,2,2,0,1,0,3,4,G6-MATH-NHAN-BIET-HINH-2 (Nhận biết hình có tâm đối xứng),(none),"[hard] Cho đoạn thẳng AB có độ dài 6 cm và trung điểm M. Xét các khẳng định sau:
(1) M là tâm đối | [easy] Đối với hình lục giác đều, tâm đối xứng của hình được xác định bằng cách tìm giao điểm của | [hard] Bạn An phát biểu: ""Mọi hình có trục đối xứng thì đều có tâm đối xứng, và tâm đối xứng chín | [easy] Trong các chữ cái in hoa sau đây, chữ cái nào có tâm đối xứng là điểm nằm tại chính giữa c | [medium] Một hình phẳng được gọi là có tâm đối xứng O nếu thực hiện hành động nào sau đây thì hình  | [medium] Cho các hình sau: hình bình hành, hình thoi, hình chữ nhật, hình vuông. Đặc điểm chung về "
T2_MID,4,G9-MATH-BIEU-DIEN-MOI,Biểu diễn mỗi số tự nhiên thành tổng giá trị các chữ số của nó,B2K1,6,1,0,0,0,1,3,2,3,4,G9-MATH-NHAN-BIET-GIA (Nhận biết giá trị các chữ số của một số tự nhiên viết trong hệ thập phân.),(none),[None] Biểu diễn 4 053 thành tổng giá trị các chữ số: | [None] Bạn An viết: 80 050 = 80 000 + 500. Đúng hay sai? | [None] Biểu diễn 309 005 thành tổng giá trị các chữ số: | [None] Biểu diễn 234 thành tổng giá trị các chữ số: | [None] Viết số 70 406 thành tổng giá trị các chữ số của nó. | [None] Biểu diễn 5 618 thành tổng giá trị các chữ số:
T2_MID,4,G9-MATH-BO-DAU-NGOAC,Bỏ dấu ngoặc có dấu - đằng trước,B15K1,6,5,1,5,0,0,2,0,3,4,G6-MATH-NHAN-BIET-SO-1 (Xác định số đối của một số nguyên),"G6-MATH-BO-NGOAC-LONG (Bỏ ngoặc lồng nhau ) | G7-MATH-TRU-HAI-DA (Trừ hai đa thức: bỏ ngoặc đổi dấu tất cả hạng tử của đa thức trừ, nhóm, thu gọn)","[medium] Khi thực hiện bỏ dấu ngoặc trong biểu thức −(a − b + c), kết quả đúng là: | [medium] Cho biểu thức tổng quát: M = a − (b − c + d). Sau khi thực hiện quy tắc bỏ dấu ngoặc, biểu | [medium] Trong các biến đổi sau đây, biến đổi nào thực hiện ĐÚNG quy tắc dấu ngoặc cho biểu thức: x | [medium] Cho biểu thức: A = −(x − y + z). Sau khi bỏ dấu ngoặc, biểu thức A trở thành: | [medium] Kết quả của việc bỏ dấu ngoặc trong biểu thức 12 − (a + 5 − b) là: | [easy] Khi bỏ dấu ngoặc trong biểu thức − (a + b), khẳng định nào sau đây mô tả đúng sự thay đổi "
T2_MID,4,G9-MATH-CHIA-LUY-THUA,Chia luỹ thừa cùng cơ số áp dụng quy tắc,B6K1,6,1,0,3,3,1,3,0,0,4,"G9-MATH-NHAN-BIET-CAU (Nhận biết cấu trúc lũy thừa (cơ số, số mũ, đọc/viết ký hiệu aⁿ))",(none),"[medium] Viết kết quả phép tính dưới dạng một luỹ thừa: 8⁶ : 8² | [hard] Tìm số tự nhiên x, biết rằng: 3ˣ : 3² = 3⁵ | [hard] Trong các phép tính dưới đây, phép tính nào đã VI PHẠM điều kiện của phép chia hai luỹ thừ | [hard] Vì sao ta có thể khẳng định kết quả của phép chia 6⁵ : 6³ là 6²? | [medium] Viết kết quả phép tính dưới dạng một luỹ thừa: 15⁷ : 15 | [medium] Khi thực hiện phép tính 1091¹⁰⁰ : 1091¹⁰⁰, bạn An ra kết quả là 0, bạn Bình ra kết quả là "
T2_MID,4,G9-MATH-DAU-HIEU-CHIA,Dấu hiệu chia hết cho 5,B9K1,6,1,0,0,0,1,3,2,3,4,"G6-MATH-PHAN-BIET-PHEP (Phân biệt phép chia hết và phép chia có dư, tìm đúng thương và số dư.)",(none),"[None] Số 14 có chia hết cho 5 không? | [None] Bạn Lan nói: ""Số tận cùng bằng 0 thì chia hết cho 5 nhưng không chia hết cho 2, vì 5 và 2  | [None] Tìm tất cả chữ số x (0 ≤ x ≤ 9) để số 37x chia hết cho 5. | [None] Số nào sau đây chia hết cho 5? | [None] Trong các khẳng định sau, có bao nhiêu khẳng định đúng? (i) Số 150 chia hết cho cả 2 và 5. | [None] Trong các số 15, 20, 25, 30, 34, những số nào chia hết cho 5?"
T2_MID,4,G9-MATH-DAU-HIEU-CHIA-1,Dấu hiệu chia hết cho 3,B9K1,6,1,0,0,0,1,3,2,3,4,"G6-MATH-PHAN-BIET-PHEP (Phân biệt phép chia hết và phép chia có dư, tìm đúng thương và số dư.)",(none),"[None] Số nào sau đây chia hết cho 3? | [None] Để kiểm tra số 135 có chia hết cho 3 không, bước đầu tiên đúng là: | [None] Số 2 016 có chia hết cho 3 không? | [None] Tìm tất cả các chữ số x (0 ≤ x ≤ 9) để số 2x3 chia hết cho 3. | [None] Xét 4 khẳng định về số 333: (i) 333 ÷3 vì tận cùng là 3. (ii) 333 ÷3 vì 3+3+3=9 và 9÷3=3.  | [None] Số 12 có chia hết cho 3 không, và có chia hết cho 9 không?"
T2_MID,4,G9-MATH-NHAN-BIET-CAU,"Nhận biết cấu trúc lũy thừa (cơ số, số mũ, đọc/viết ký hiệu aⁿ)",B6K1,6,1,2,2,2,1,1,0,2,4,(none),"G9-MATH-NHAN-LUY-THUA (Nhân luỹ thừa cùng cơ số áp dụng quy tắc) | G9-MATH-CHIA-LUY-THUA (Chia luỹ thừa cùng cơ số áp dụng quy tắc) | G9-MATH-NHAN-BIET-BINH (Nhận biết bình phương, lập phương,) | G6-MATH-TINH-GIA-TRI (Tính giá trị luỹ thừa) | G7-MATH-NHAN-BIET-DON (Nhận biết đơn thức một biến - xác định hệ số và bậc) | G6-MATH-AP-DUNG-DUNG (Áp dụng đúng thứ tự phép tính KHÔNG có ngoặc Thứ tự: lũy thừa → nhân chia → cộng trừ (trái sang phải khi cùng cấp)) | G6-MATH-TINH-LUY-THUA (Tính lũy thừa bậc n của số hữu tỉ) | G6-MATH-PHAN-TICH-RA (Phân tích ra thừa số nguyên tố)","[medium] Trong lũy thừa 7⁴, đâu là cơ số và đâu là số mũ? | [easy] Cách đọc nào sau đây là ĐÚNG cho biểu thức 8²? | [easy] Phép tính 3³ có ý nghĩa (bản chất) là gì? | [hard] Biểu thức x · x · x · y · y được viết gọn dưới dạng lũy thừa là: | [hard] Một bạn học sinh phát biểu: ""Lũy thừa bậc 5 của 2 được viết là 5²"". Khẳng định này là đúng | [medium] Cách viết gọn của phép nhân 5 · 5 · 5 · 5 dưới dạng một lũy thừa là:"
T2_MID,4,G9-MATH-NHAN-BIET-GIA,Nhận biết giá trị các chữ số của một số tự nhiên viết trong hệ thập phân.,B2K1,6,1,0,0,0,1,3,2,3,4,(none),G9-MATH-BIEU-DIEN-MOI (Biểu diễn mỗi số tự nhiên thành tổng giá trị các chữ số của nó) | G9-MATH-SO-SANH-HAI (So sánh hai số tự nhiên và biểu diễn trên trục số ),"[None] Trong số 256, giá trị của chữ số 2 là: | [None] Cho số 7 362. Điền giá trị của từng chữ số vào bảng: Chữ số 7 (hàng nghìn): ___ Chữ số 3 ( | [None] Trong số 4 835, giá trị của chữ số 8 là: | [None] Trong số 50 206, giá trị của chữ số 2 là: | [None] Trong số 3 047, giá trị của chữ số 4 là: | [None] Bạn Lan nói: ""Trong số 4 053, chữ số 5 ở hàng trăm nên có giá trị là 500."" Đúng hay sai?"
T2_MID,4,G9-MATH-NHAN-LUY-THUA,Nhân luỹ thừa cùng cơ số áp dụng quy tắc,B6K1,6,1,1,3,2,1,2,0,1,4,"G9-MATH-NHAN-BIET-CAU (Nhận biết cấu trúc lũy thừa (cơ số, số mũ, đọc/viết ký hiệu aⁿ))",(none),"[medium] Viết kết quả phép tính dưới dạng một luỹ thừa: 7² · 7³ | [medium] Khi nhân hai luỹ thừa cùng cơ số, ta thực hiện theo quy tắc nào dưới đây? | [hard] Tìm số tự nhiên x, biết: 2ˣ · 2³ = 2⁹ | [easy] Phép tính a³ · a² được viết dưới dạng tích của các thừa số a là: | [hard] Tính tổng quát biểu thức sau dưới dạng một luỹ thừa: m² · m⁴ · m | [medium] Viết kết quả phép tính dưới dạng một luỹ thừa: 5⁴ · 5"
T2_MID,4,G9-MATH-SO-SANH-HAI,So sánh hai số tự nhiên và biểu diễn trên trục số ,B3K1,6,1,0,0,0,1,3,2,3,4,G9-MATH-NHAN-BIET-GIA (Nhận biết giá trị các chữ số của một số tự nhiên viết trong hệ thập phân.),G6-MATH-LAM-TRON-SO (Làm tròn số thập phân có dấu đến hàng cho trước) | G6-MATH-KI-HIEU-NHO (Nhận biết và sử dụng đúng ký hiệu ≤ và ≥ trong so sánh),"[None] So sánh 98 và 102: | [None] So sánh 1 009 và 998: | [None] So sánh 45 678 và 45 832: | [None] So sánh 753 và 729: | [None] Trong 5 số sau, số nào lớn nhất? 1 009 999 1 090 1 900 901 | [None] So sánh 45 và 123:"
T2_MID,5,G6-MATH-CONG-DO-DAI,Cộng độ dài đoạn thẳng ,B34K2,5,2,1,2,2,0,2,0,3,5,G6-MATH-NHAN-BIET-DOAN (Nhận biết đoạn thẳng) | G6-MATH-DIEM-NAM-GIUA (Điểm nằm giữa hai điểm ),G6-MATH-TINH-DO-DAI (Tính độ dài qua trung điểm ),"[hard] Cho đoạn thẳng AB có độ dài bằng m. Điểm C nằm giữa A và B, điểm D nằm giữa C và B. Gọi x  | [easy] Nếu điểm E trùng với điểm F, thì khoảng cách giữa hai điểm E và F bằng bao nhiêu theo quy  | [medium] Trên đường thẳng d, ta có ba điểm phân biệt P, Q, R sao cho PQ + QR = PR. Khẳng định nào s | [hard] Bạn An giải bài toán: ""Cho ba điểm A, B, C thẳng hàng. Biết AB = 4 cm, AC = 7 cm. Tính BC"" | [medium] Cho điểm M nằm giữa hai điểm A và B. Biết độ dài đoạn thẳng AM là x và độ dài đoạn thẳng M"
T2_MID,5,G6-MATH-DIEM-NAM-GIUA,Điểm nằm giữa hai điểm ,B33K2,5,1,1,2,2,1,2,0,2,5,G6-MATH-BA-DIEM-THANG (Ba điểm thẳng hàng),G6-MATH-TIA-DOI-NHAU (Tia đối nhau) | G6-MATH-CONG-DO-DAI (Cộng độ dài đoạn thẳng ) | G6-MATH-NHAN-BIET-TRUNG (Nhận biết trung điểm của đoạn thẳng ),"[medium] Cho điểm B nằm giữa hai điểm A và C. Khẳng định nào sau đây mô tả SAI về vị trí của các đi | [hard] Cho ba điểm phân biệt A, B, C thẳng hàng. Biết rằng điểm A không nằm giữa B và C, đồng thờ | [medium] Cho ba điểm M, N, P cùng nằm trên một đường thẳng. Nếu điểm N nằm giữa hai điểm M và P, kh | [easy] Trên đường thẳng d, lấy hai điểm phân biệt A và B. Hình gồm điểm A và tất cả các điểm nằm  | [hard] Giả sử điểm M thuộc tia Ax. Trong các khẳng định sau, khẳng định nào LUÔN ĐÚNG trong mọi t"
T2_MID,5,G6-MATH-DIEM-TRONG-CUA,Điểm trong của một góc ,B36K2,5,1,2,1,2,1,1,1,2,5,"G9-MATH-NHAN-BIET-GOC (Nhận biết góc - đỉnh, cạnh, ký hiệu)",(none),"[easy] Góc mAn được tạo thành bởi hai tia nào sau đây và có đỉnh là điểm nào? | [medium] Cho góc xOy (không phải góc bẹt). Điểm M được gọi là điểm trong của góc xOy nếu nó nằm ở v | [hard] Cho tia Om nằm giữa hai tia Ox và Oy của góc xOy (không bẹt). Lấy điểm K thuộc tia Om sao  | [easy] Theo quy ước về điểm trong của một góc, các điểm nằm trên hai cạnh của góc đó có được coi  | [hard] Xét bài toán: ""Cho điểm M là điểm trong của góc xOy. Điểm N là điểm trong của góc xOM. Một"
T2_MID,5,G6-MATH-DIEN-TICH-HINH,Diện tích hình thoi,B20K1,5,1,2,1,2,1,1,1,2,5,"G6-MATH-MO-TA-CAC-3 (Mô tả các yếu tố cơ bản , góc (độ), độ dài cạnh của hình thoi)",(none),"[medium] Cho một hình thoi có độ dài hai đường chéo lần lượt là m và n. Biểu thức nào sau đây dùng  | [easy] Trong công thức tính diện tích hình thoi S = ½ · a · b, hai đại lượng a và b đại diện cho  | [easy] Nếu giữ nguyên độ dài một đường chéo của hình thoi và tăng độ dài đường chéo còn lại lên g | [hard] Bạn Bình thực hiện bài toán tính diện tích hình thoi có hai đường chéo 10 cm và 12 cm như  | [hard] Cho hình thoi có độ dài hai đường chéo là d1 và d2, cạnh của hình thoi là a và chiều cao t"
T2_MID,5,G6-MATH-DIEN-TICH-HINH-1,Diện tích hình bình hành,B20,5,1,1,2,2,1,2,0,2,5,"G9-MATH-MO-TA-CAC-1 (Mô tả các yếu tố cơ bản , góc (độ), độ dài cạnh của hình bình hành)",(none),"[medium] Cho hình bình hành có độ dài cạnh đáy là b và chiều cao tương ứng là h. Công thức tính diệ | [easy] Hình bình hành ABCD có cạnh đáy AB = m và chiều cao hạ từ đỉnh D xuống cạnh AB là n. Biểu  | [medium] Một hình chữ nhật và một hình bình hành có cùng độ dài đáy và cùng chiều cao. Khi đó, diện | [hard] Bạn Bình thực hiện tính diện tích hình bình hành ABCD có cạnh AB = 8 cm, cạnh BC = 6 cm và | [hard] Nếu một hình bình hành có độ dài cạnh đáy tăng lên 4 lần và chiều cao tương ứng giảm đi 2 "
T2_MID,5,G6-MATH-DUONG-THANG-DI,Đường thẳng đi qua hai điểm phân biệt - tính duy nhất ,B32K2,5,3,1,3,1,0,2,0,3,5,"G6-MATH-DIEM-DUONG-THANG (Điểm, đường thẳng )",(none),"[medium] Ba điểm M, N, P được gọi là thẳng hàng khi chúng thỏa mãn điều kiện nào sau đây? | [hard] Trong bốn phát biểu sau, phát biểu nào chắc chắn đúng? | [easy] Cho một điểm O. Có bao nhiêu đường thẳng đi qua O? | [medium] Phát biểu nào sau đây diễn đạt đúng tính duy nhất của đường thẳng? | [medium] Cho hai điểm phân biệt A và B. Phát biểu nào sau đây mô tả chính xác nhất về số lượng đườn"
T2_MID,5,G6-MATH-HAI-DUONG-THANG,"Hai đường thẳng song song, cắt nhau, trùng nhau",B32K2,5,2,1,2,2,0,2,0,3,5,G6-MATH-NHAN-BIET-DIEM (Nhận biết điểm thuộc/không thuộc đường thẳng ),G7-MATH-DAU-HIEU-NHAN (Dấu hiệu nhận biết song song ) | G7-MATH-VE-HAI-DUONG (Vẽ hai đường thẳng song song ) | G7-MATH-TINH-SO-DO (Tính số đo góc từ tính chất hai đường thẳng song song) | G7-MATH-AP-DUNG-HE (Áp dụng hệ quả tính chất hai đường tăhnrg song song (vuông góc) ),"[hard] Một học sinh phát biểu: ""Nếu hai đường thẳng không có điểm chung thì chúng song song với n | [hard] Cho ba điểm A, B, C thẳng hàng sao cho điểm B nằm giữa A và C. Gọi m là đường thẳng đi qua | [easy] Ký hiệu M ∉ d và d // k cho biết thông tin gì về vị trí của điểm M và hai đường thẳng d, k | [medium] Khẳng định nào sau đây mô tả chính xác nhất về hai đường thẳng cắt nhau? | [medium] Cho hai đường thẳng phân biệt a và b. Nếu đường thẳng a và đường thẳng b không có bất kỳ đ"
T2_MID,5,G6-MATH-MO-TA-CAC-2,Mô tả các tính chất của lục giác đều ,B18K1,5,1,2,1,2,1,1,1,2,5,(none),G9-MATH-NHAN-BIET-HINH (Nhận biết hình lục giác đều ),"[easy] Một hình lục giác đều có tổng số cạnh và số đường chéo chính lần lượt là: | [medium] Khẳng định nào sau đây mô tả đầy đủ và chính xác nhất các đặc điểm về cạnh và góc của hình | [easy] Cho hình lục giác đều ABCDEF có độ dài cạnh AB bằng m. Khẳng định nào sau đây là luôn đúng | [hard] Trong giờ học Toán, bạn Nam phát biểu: ""Vì ABCDEF là lục giác đều nên tất cả các đoạn thẳn | [hard] Cho hình lục giác đều ABCDEF có tâm O (O là giao điểm của các đường chéo chính). Nếu ta ch"
T2_MID,5,G6-MATH-MO-TA-CAC-3,"Mô tả các yếu tố cơ bản , góc (độ), độ dài cạnh của hình thoi",B19K1,5,2,2,2,1,0,1,0,4,5,(none),G6-MATH-VE-HINH-THOI (Vẽ hình thoi) | G6-MATH-DIEN-TICH-HINH (Diện tích hình thoi) | G6-MATH-TINH-CHU-VI-1 (Tính chu vi hình thoi),"[hard] Bạn An thực hiện vẽ một hình thoi bằng thước và compa theo các bước: (1) Vẽ đoạn thẳng AB  | [easy] Một hình thoi có độ dài cạnh bằng m. Tổng độ dài của tất cả các cạnh trong hình thoi đó là | [easy] Cho hình thoi ABCD. Khẳng định nào sau đây về các góc của hình thoi là đúng? | [medium] Trong hình thoi MNPQ, mối quan hệ giữa hai đường chéo MP và NQ được xác định như thế nào l | [medium] Cho hình thoi ABCD có hai đường chéo AC và BD cắt nhau tại O. Trong các khẳng định sau, kh"
T2_MID,5,G6-MATH-NHAN-BIET-HINH-1,Nhận biết hình có trục đối xứng,B21K1,5,2,1,2,2,0,2,0,3,5,G6-MATH-TIM-VA-XAC (Tìm và xác định trục đối xứng của hình phẳng),G9-MATH-TIM-VA-XAC (Tìm và xác định trục đối xứng của vật thể),"[hard] Cho một hình phẳng H có hai trục đối xứng d1 và d2 vuông góc với nhau. Nếu ta chỉ biết một | [medium] Một hình phẳng được gọi là hình có trục đối xứng nếu tồn tại một đường thẳng d sao cho: | [medium] Trong các khẳng định sau, khẳng định nào ĐÚNG khi nói về trục đối xứng của các hình phẳng  | [easy] Hình nào dưới đây có trục đối xứng là các đường thẳng đi qua trung điểm hai cạnh đối diện? | [hard] Bạn Bình khẳng định: ""Vì hình bình hành có một đường thẳng chia nó thành hai phần có kích "
T2_MID,5,G6-MATH-NHAN-BIET-TAM,Nhận biết tam giác đều ,B18K1,5,2,2,2,1,0,1,0,4,5,G6-MATH-MO-TA-CAC (Mô tả các tính chất của tam giác đều),G6-MATH-VE-HINH-TAM (Vẽ hình tam giác đều ),"[easy] Một hình tam giác đều có số cạnh bằng x và số góc bằng y. Giá trị của x và y lần lượt là: | [hard] Trong một giờ thảo luận về tam giác đều, bạn Lan phát biểu: ""Mọi hình có 3 cạnh bằng nhau  | [medium] Để vẽ tam giác đều MNP có cạnh bằng a cm bằng thước và ê ke theo quy trình trong sách giáo | [easy] Cho tam giác đều có tên gọi là DEF. Các đoạn thẳng DE, EF, và FD được gọi là gì của tam gi | [medium] Trong tam giác đều ABC, khẳng định nào sau đây mô tả chính xác và đầy đủ nhất các đặc tính"
T2_MID,5,G6-MATH-NHAN-BIET-TRUNG,Nhận biết trung điểm của đoạn thẳng ,B35K2,5,2,0,4,1,0,3,0,2,5,G6-MATH-DIEM-NAM-GIUA (Điểm nằm giữa hai điểm ),G6-MATH-TINH-DO-DAI (Tính độ dài qua trung điểm ) | G7-MATH-NHAN-BIET-DUONG (Nhận biết đường trung trực ) | G7-MATH-NHAN-BIET-DUONG-2 (Nhận biết đường trung tuyến của tam giác),"[medium] Cho ba điểm X, Y, Z thỏa mãn đồng thời hai hệ thức: XY + YZ = XZ và XY = XZ/2. Khẳng định  | [medium] Cho điểm M là trung điểm của đoạn thẳng EF. Khẳng định nào sau đây mô tả đầy đủ và chính x | [medium] Nếu điểm I là trung điểm của đoạn thẳng AB có độ dài bằng s, khẳng định nào sau đây là đún | [hard] Một học sinh thực hiện các bước để kiểm tra điểm I có là trung điểm của đoạn thẳng AB hay  | [medium] Cho đoạn thẳng PQ. Nếu tồn tại một điểm X sao cho XP = XQ, khẳng định nào sau đây là SAI k"
T2_MID,5,G6-MATH-NHAN-RA-VAN,Nhận ra quy luật hoặc điểm nổi bật từ biểu đồ cột,B40K2,5,4,1,4,0,0,2,0,3,5,G6-MATH-DOC-VA-PHAN-2 (Đọc và phân tích dữ liệu từ biểu đồ cột ),(none),"[medium] Trong một biểu đồ cột biểu diễn số học sinh giỏi của các lớp khối 6, nếu chiều cao của cột | [medium] Khi quan sát một biểu đồ cột biểu diễn ""Lượng mưa các tháng trong năm"", thành phần nào trê | [medium] Trong một biểu đồ cột tiêu chuẩn, yếu tố hình học nào trực tiếp đại diện cho độ lớn của số | [medium] Khi thực hiện Bước 1 trong quy trình vẽ biểu đồ cột để so sánh lượng mưa của 12 tháng tron | [easy] Theo quy tắc vẽ biểu đồ cột trong SGK, khẳng định nào sau đây là ĐÚNG về chiều rộng của cá"
T2_MID,5,G6-MATH-RUT-GON-VE,Rút gọn về phân số tối giản,B11K1,5,2,3,2,0,0,0,0,5,5,G6-MATH-TIM-UCLN (Tìm ƯCLN),(none),"[medium] Để rút gọn một phân số a/b (với a, b ∈ ℕ, b ≠ 0) về dạng phân số tối giản chỉ trong một bư | [medium] Cho phân số x/y (với x, y ∈ ℕ, y ≠ 0). Điều kiện nào sau đây khẳng định phân số x/y đã là  | [easy] Nếu số tự nhiên n là một ước chung của a và b (với n > 1), thì ta có thể thực hiện thao tá | [easy] Trong quá trình rút gọn phân số, nếu ta chia cả tử và mẫu của một phân số cho một Ước chun | [easy] Khi phân số a/b là phân số tối giản, ta gọi hai số tự nhiên a và b là:"
T2_MID,5,G6-MATH-SO-SANH-DO,So sánh độ dài đoạn thẳng,B34K2,5,4,1,4,0,0,2,0,3,5,G6-MATH-NHAN-BIET-DOAN (Nhận biết đoạn thẳng),G6-MATH-TINH-DO-DAI (Tính độ dài qua trung điểm ) | G7-MATH-NHAN-BIET-TAM (Nhận biết tam giác cân ),"[medium] Cho đoạn thẳng MN có độ dài gọi là m và đoạn thẳng PQ có độ dài gọi là n. Nếu các số đo m  | [medium] Khi nói ""Khoảng cách giữa hai điểm A và B bằng 5 cm"", khẳng định nào sau đây là cách diễn  | [medium] Cho hai đoạn thẳng MN và PQ. Khẳng định nào sau đây mô tả chính xác nhất về quan hệ bằng n | [medium] Ký hiệu AB < CD trong hình học đoạn thẳng được phát biểu bằng lời như thế nào? | [easy] Khẳng định nào sau đây là SAI khi nói về độ dài đoạn thẳng?"
T2_MID,5,G6-MATH-TINH-CHAT-CO,Áp dụng tính chất cơ bản của phân số bằng cách nhân hoặc chia cả tử và mẫu với cùng một số nguyên khác 0,B23K2,5,4,1,4,0,0,2,0,3,5,"G9-MATH-NHAN-BIET-PHAN (Nhận biết phân số có tử và mẫu là số nguyên, mẫu khác 0) | G6-MATH-NHAN-HAI-SO (Nhân hai số nguyên khác dấu ) | G6-MATH-NHAN-HAI-SO-1 (Nhân hai số nguyên cùng dấu) | G9-MATH-THUC-HIEN-PHEP (Thực hiện phép chia hết hai số nguyên - xác định đúng dấu của thương)",G6-MATH-QUY-DONG-MAU (Quy đồng mẫu các phân số có tử/mẫu nguyên bằng cách đưa về các phân số bằng nhau cùng mẫu dương),"[medium] Theo tính chất cơ bản của phân số, khi ta nhân cả tử số và mẫu số của phân số a/b (với b ≠ | [medium] Khi chia cả tử và mẫu của một phân số cho cùng một số n để được phân số rút gọn bằng phân  | [medium] Cho phân số a/b (với a, b ∈ Z, b ≠ 0). Theo tính chất cơ bản của phân số, nếu ta nhân cả t | [medium] Để biến đổi một phân số về phân số bằng nó nhưng có mẫu số dương, chẳng hạn từ a/(−b) với  | [easy] Trong các đẳng thức sau, đẳng thức nào mô tả đúng tính chất cơ bản của phân số (với n là ư"
T2_MID,5,G6-MATH-TINH-CHU-VI-1,Tính chu vi hình thoi,B20K1,5,4,1,4,0,0,2,0,3,5,"G6-MATH-MO-TA-CAC-3 (Mô tả các yếu tố cơ bản , góc (độ), độ dài cạnh của hình thoi)",(none),"[medium] Nếu biết chu vi của một hình thoi là P, biểu thức nào sau đây dùng để tính độ dài cạnh m c | [medium] Xét một hình vuông và một hình thoi có cùng độ dài cạnh là a. Khẳng định nào sau đây về ch | [medium] Một hình thoi có độ dài cạnh được ký hiệu là m. Công thức tổng quát để tính chu vi C của h | [medium] Một hình thoi có độ dài cạnh là x. Công thức tính chu vi C của hình thoi đó là: | [easy] Để tính được chu vi của một hình thoi, ta chỉ cần biết thông tin tối thiểu nào sau đây?"
T2_MID,5,G6-MATH-XAC-DINH-VI,Xác định vị trí tâm đối xứng của hình phẳng cụ thể ,B22K1,5,4,1,4,0,0,2,0,3,5,G6-MATH-NHAN-BIET-HINH-2 (Nhận biết hình có tâm đối xứng),(none),"[medium] Cho hình bình hành ABCD có hai đường chéo AC và BD cắt nhau tại điểm O. Khẳng định nào sau | [medium] Một hình phẳng được gọi là có tâm đối xứng O nếu khi ta thực hiện hành động nào sau đây th | [medium] Một hình phẳng được gọi là hình có tâm đối xứng O nếu ta thực hiện hành động nào sau đây t | [medium] Trong các hình phẳng sau đây: Hình bình hành, Hình chữ nhật, Hình thoi, Hình vuông. Điểm n | [easy] Khi quan sát một hình lục giác đều, bạn Nam thực hiện nối các đường chéo chính và thấy chú"
T2_MID,5,G9-MATH-NHAN-BIET-MO,Nhận biết mở rộng mối quan hệ chia hết sang số nguyên âm,B17K1,5,3,2,3,0,0,1,0,4,5,G9-MATH-THUC-HIEN-PHEP (Thực hiện phép chia hết hai số nguyên - xác định đúng dấu của thương) | G6-MATH-NHAN-HAI-SO (Nhân hai số nguyên khác dấu ) | G6-MATH-NHAN-HAI-SO-1 (Nhân hai số nguyên cùng dấu),G6-MATH-NHAN-BIET-MO (Nhận biết - Mở rộng ước và bội sang số nguyên âm),"[medium] Cho m và n là hai số tự nhiên khác 0. Theo quy tắc nhân hai số nguyên khác dấu, kết quả củ | [medium] Khi nhân hai số nguyên âm (-a) và (-b) với a, b là các số tự nhiên khác 0, khẳng định nào  | [easy] Trong tập hợp các số nguyên, nếu có tích a · b = 0 thì ta có thể khẳng định chắc chắn điều | [medium] Cho hai số nguyên a và b (với b ≠ 0). Nếu tồn tại một số nguyên q sao cho a = b · q, khẳng | [easy] Phát biểu nào sau đây là SAI khi nói về dấu của tích các số nguyên?"
T2_MID,5,G9-MATH-PHAN-PHOI-NHAN,Nhận biết và áp dụng tính chất phân phối: a×(b+c) = a×b + a×c,B5K1,5,1,1,3,1,1,2,0,2,5,(none),G7-MATH-NHAN-DON-THUC (Nhân đơn thức với đa thức),"[medium] Biết rằng giá trị của biểu thức a × (b + c) = 250.
Không cần tìm cụ thể a, b, c, em hãy ch | [medium] Khi áp dụng tính chất phân phối của phép nhân đối với phép cộng cho biểu thức 12 × (10 + 2 | [easy] Để tính nhanh biểu thức 85 × 12 + 85 × 88, bước đầu tiên ta cần đặt một số ra ngoài làm th | [hard] Khi tính nhẩm 45 × 101, bạn Bình tách 101 = 100 + 1 rồi viết lời giải như sau:
45 × 101 =  | [medium] Biểu thức 37 × 45 + 37 × 55 được viết gọn lại bằng cách áp dụng tính chất phân phối là:"
T3_DEAD,10,G6-MAMATMATHMAT,Trừ hai phân số khác mẫu,B25K2,0,0,0,0,0,2,3,2,3,10,G6-MATH-TRU-HAI-PHAN (Trừ hai phân số cùng mẫu) | G6-MATH-QUY-DONG-MAU (Quy đồng mẫu các phân số có tử/mẫu nguyên bằng cách đưa về các phân số bằng nhau cùng mẫu dương),(none),(none)
T3_DEAD,10,G6-MATH-CHON-PHUONG-PHAP,Chọn phương pháp thu thập dữ liệu ,B38K2,0,0,0,0,0,2,3,2,3,10,"G6-MATH-NHAN-BIET-DU (Nhận biết dữ liệu, phân biệt số liệu và dữ liệu không phải số liệu)",(none),(none)
T3_DEAD,10,G6-MATH-SO-SANH-HAI-3,So sánh hai góc ,B37K2,0,0,0,0,0,2,3,2,3,10,G6-MATH-DO-GOC-BANG (Nhận biết số đo góc và đo góc bằng thước đo góc),(none),(none)
T3_DEAD,10,G9-MATH-TIM-MOT-SO,Tìm một số biết giá trị phân số của nó,B27K2,0,0,0,0,0,2,3,2,3,10,G6-MATH-CHIA-HAI-PHAN (Chia hai phân số ),(none),(none)
